,stock,snp500,industry,oil,cci,bci,class,trend_slope_prior,trend_slope_post,sector,cluster
0,A,0.3706598097925943,0.10469886534917372,-0.5795180034391894,0.4726358417553783,0.4938045540346916,no change/RTC,0.02684944171953321,0.11199978915127841,Health Care,8
1,AAL,0.8330185155979682,0.19212773336457958,-0.752323769706464,0.7617159559702051,0.7617701264286403,increasing,0.004536560948179987,0.03697543337796333,Industrials,5
2,AAP,0.3643247586961819,0.13010292961845846,-0.6330594762424439,0.8679854385926049,0.8633854256943013,decreasing/RTC,-0.34198199680873326,0.029155311181714272,Consumer Discretionary,20
3,AAPL,0.5579890341208151,0.193421585969422,-0.05969890244735793,-0.06057246368016505,-0.07294968549162362,increasing,0.21066675821940103,0.21066675821940103,Information Technology,5
4,ABBV,-0.6064070473705674,-0.07105936394040817,0.8348281403334097,-0.6213104790502196,-0.6722276303523872,no change,-0.0022871786089085824,-0.0022871786089085824,Health Care,18
5,ABC,-0.3444450895942151,-0.04522262788060613,0.8194314180369004,-0.8306370491662273,-0.8502299028486965,increasing,0.17817713419596354,0.17817713419596354,Health Care,5
6,ABT,0.8429723237927534,0.12091338940741458,-0.8288908287929486,0.8949136571448306,0.8787513327563325,increasing,0.023597345621591284,0.06556596471908244,Health Care,5
7,ACGL,-0.22136670819943327,-0.15990741824087373,0.6514737087619902,-0.8124499433323248,-0.83469931631957,increasing,0.137803221671812,0.137803221671812,Financials,5
8,ACN,0.925924671557955,0.2671832274315948,-0.8000552994576493,0.8179476905424907,0.816035718703854,decreasing/RTC,-0.059999338785807294,0.2884646260679649,Information Technology,20
9,ADBE,0.8863173197550468,0.26925335179295246,-0.901144532626883,0.7927981285413347,0.8089918981091898,increasing,0.34513726873712225,2.475032819154669,Information Technology,5
10,ADI,0.4444451708672876,0.2177530989444344,-0.04074362802502133,-0.19428755632968311,-0.21753346679335417,increasing,0.19654938497661073,0.19654938497661073,Information Technology,5
11,ADM,-0.6547826737290423,0.12716263421404897,0.870627954571989,-0.6034255888124799,-0.6142028143224401,decreasing,-0.06631880619997554,-0.06631880619997554,Consumer Staples,19
12,ADP,-0.27055174389078024,-0.007243472186639341,0.4536888142253894,-0.4162200588448212,-0.3882440371265803,decreasing/RTC,-0.19344635857476128,0.7317720321116012,Industrials,6
13,ADSK,0.7288750760314264,0.2262565962600686,-0.8832922828138748,0.7462241494511498,0.776030942336486,decreasing/RTC,-0.035701473071466934,0.15250655641646144,Information Technology,20
14,AEE,-0.009915451621147734,0.17456595725741908,0.07759966691391318,0.13721722502696615,0.11251448956951919,no change,-0.007829143632034576,0.014821781831629136,Utilities,4
15,AEP,-0.4568002590711129,0.19480726776212667,0.41938308343697844,-0.17381827214356024,-0.19177917757493165,decreasing/RTC,-0.03924618056326201,-0.02890554455478796,Utilities,6
16,AES,-0.2474897616773948,0.03609876742135537,0.20081486336517157,-0.18009927985528526,-0.15220788692844983,decreasing/RTC,-0.017523733451541533,0.009166717529296875,Utilities,6
17,AFL,-0.23963561658233506,-0.0705280382162846,0.7334427074304315,-0.7372811366319341,-0.7591783613538412,increasing,0.03324095730309014,0.1809780115376586,Financials,5
18,AIG,0.23995983568874366,0.17075314509335585,0.16564143150848265,0.1119185499298454,0.0821987124727404,no change/RTC,0.0007166074437587534,0.13116961008220626,Financials,9
19,AIZ,0.2541480257789639,0.11887574991661057,-0.4941230816917392,0.7306902913859266,0.7325140697436375,decreasing/RTC,-0.21756124025886725,0.2277779049343533,Financials,20
20,AJG,-0.29556041844451714,-0.1799246322879391,0.7278822172298202,-0.8767398166236763,-0.8770292084151179,increasing,0.16715129828100223,0.16715129828100223,Financials,5
21,AKAM,0.7708770089029873,0.1748142240083945,-0.7367214489436534,0.8982589592374154,0.8936076741728615,decreasing/RTC,-0.06673631495591589,0.13796537991227775,Information Technology,20
22,ALB,-0.2949092416017055,-0.020702156935399715,0.15455290913600458,-0.16401927154259766,-0.11451087349383555,decreasing,-0.36509255342404084,-0.36509255342404084,Materials,1
23,ALGN,0.8587515414579492,0.12482560377743994,-0.9306857278576348,0.846009392277701,0.8515286311268693,increasing,0.6540627677895745,0.6540627677895745,Health Care,5
24,ALK,0.8368995609227293,0.190092414638679,-0.6800853722971921,0.7358232121210573,0.7371495630242552,no change/RTC,0.0006512688764543153,0.06366604590133246,Industrials,8
25,ALL,-0.2919704657069325,0.09091793860073921,0.019805071535652006,0.2089940010156817,0.2178568135930928,decreasing,-0.10000002718856023,-0.10000002718856023,Financials,1
26,ALLE,0.8202937416233558,0.22527761128288706,-0.7804080874648422,0.687328490523331,0.6913807623131445,increasing,0.06907669558669582,0.16257656040793225,Industrials,5
27,AMAT,0.9424578534891233,0.3128929223346466,-0.6245399694860618,0.5500253139200957,0.5261274892619214,increasing,0.17709901939456085,0.28405509676252094,Information Technology,5
28,AMCR,-0.0800902993867783,0.06936131853660094,-0.32760442972149323,0.5242573560185243,0.5236917567792763,decreasing,-0.006981946077142044,-0.005161285400390625,Materials,1
29,AMD,0.924563163442748,0.2912556004060608,-0.6901921156298279,0.6509426908488739,0.6320030584663967,increasing/RTC,0.15500001411675912,-0.08237734951110241,Information Technology,12
30,AME,0.43728721471300275,0.2600038142300867,0.08829363918018225,-0.2743304731407978,-0.2903757132435533,increasing,0.14098834991455078,0.14098834991455078,Industrials,5
31,AMGN,-0.7186238109400136,-0.06384313960130437,0.7626445346425661,-0.5844814551423196,-0.5902791759047459,decreasing,-0.12411923839959078,-0.12411923839959078,Health Care,19
32,AMP,0.18214686568820243,0.05111087343878814,0.37586115085891814,-0.40284849665071226,-0.4275424057538255,increasing,0.2243332999093192,0.9283135429261222,Financials,5
33,AMT,0.4681952998972146,0.5284164259202218,-0.7938684748610418,0.8580642572103457,0.8748146459428379,decreasing/RTC,-0.21103473293783595,-0.03614527133885276,Real Estate,20
34,AMZN,0.8515662613053272,0.29019806567719325,-0.8865354224687038,0.8683143636199759,0.8877686833602275,decreasing/RTC,-0.11490813438892884,0.3331973536484906,Consumer Discretionary,20
35,ANET,0.09291721819689777,0.09599509894243229,0.475968102765385,-0.5766152490319937,-0.6077069617402845,increasing,0.2215153087269176,0.49161538691713713,Information Technology,5
36,ANSS,0.9263554458316996,0.3085240624707934,-0.7707002582261042,0.6186678397846119,0.611169039170508,increasing/RTC,0.5630878279036071,0.26856490425441576,Information Technology,12
37,AON,0.24333065861461145,-0.02738897368867156,0.29447533039300816,-0.40335860984447564,-0.4152050240478564,increasing,0.22572541987475403,0.22572541987475403,Financials,5
38,AOS,0.8929299914938005,0.24787803586982762,-0.567265161627062,0.4736640859050015,0.4408863836943687,increasing,0.08866368929545085,0.08866368929545085,Industrials,5
39,APA,-0.683542925480914,0.5985299068474915,0.929158498388641,-0.6503278549211249,-0.6782351347271056,decreasing/RTC,-0.035915089566171454,0.1930227279663086,Energy,3
40,APD,0.2525942919678846,-0.00514118605136553,0.04525354225907389,-0.21536209012704205,-0.2200201759070108,increasing,0.1979706451672466,0.4791290075600553,Materials,5
41,APH,0.5788578077095151,0.2477181001227074,-0.11820955783088392,-0.037234540949538396,-0.04070783892819517,increasing,0.02062744490990822,0.24081150897137532,Information Technology,5
42,APTV,0.8210390358909062,0.3419958411540456,-0.8556408318472938,0.8187643934198651,0.8184725702618084,increasing,0.04876522742988265,0.04876522742988265,Consumer Discretionary,5
43,ARE,0.6516442838396166,0.6004538306525502,-0.7695237247543265,0.9295968977530564,0.924419593773391,decreasing,-0.16178364090720967,-0.16178364090720967,Real Estate,1
44,ATO,-0.44257350606625906,0.18017908603576077,0.8168169037650472,-0.7281120132714023,-0.7604633450716681,increasing,0.02658419468354265,0.02658419468354265,Utilities,5
45,ATVI,-0.11739192106325722,-0.08811557518306325,0.2842846678986842,-0.3644988589756502,-0.358049046722617,increasing,0.02935894904419071,0.2510792298750444,Communication Services,5
46,AVB,0.7811688710106107,0.6098798010875816,-0.7503198977148734,0.9005282240050098,0.892424967325337,increasing,0.029470105087547972,0.029470105087547972,Real Estate,5
47,AVGO,0.34384675181750773,0.15897712019856586,0.24024966351642824,-0.3633347524858038,-0.3910615592635039,increasing,1.0085613532734765,2.4309131915752706,Information Technology,5
48,AVY,0.6397753427568795,0.04835002725967009,-0.8059134643760684,0.6853418187976589,0.7137317152080745,decreasing,-0.04051376647719071,-0.04051376647719071,Materials,1
49,AWK,0.7438716964088441,-0.07597533221453233,-0.8525481920825441,0.8096206977101844,0.8189328346212231,decreasing,-0.021677005365028146,-0.021677005365028146,Utilities,1
50,AXON,0.20296051016681402,0.2057459204918355,0.03028982609385663,-0.3033579956019473,-0.3050608791469028,increasing/RTC,0.6610973384402214,-0.2095940825227019,Industrials,0
51,AXP,0.7107275452160884,0.201227623368353,-0.3123758898339839,0.45743228241023204,0.4188033079232606,increasing,0.09250807813418808,0.09250807813418808,Financials,5
52,AZO,-0.5251425058608661,-0.18698626784536246,0.8607343969749043,-0.9289195415762019,-0.947361803841064,increasing,1.1595195256674429,1.1595195256674429,Consumer Discretionary,5
53,BA,0.6780607456350102,0.27115467051257486,-0.39065574548387005,0.18702725019760635,0.17581983816358054,increasing,0.3987164459193606,0.4787730823863636,Industrials,5
54,BAC,0.66679665642985,0.28425357522589795,-0.7115308910015342,0.89242751470371,0.8882945947851428,decreasing,-0.026147163792451363,-0.026147163792451363,Financials,1
55,BALL,0.7751580491345921,0.11231808051317878,-0.8583944360816759,0.9767787449089431,0.9651341785020416,increasing,0.01335864881189858,0.01335864881189858,Materials,5
56,BAX,0.5921573267849419,0.07012021216847851,-0.7532942195836378,0.9539569769964547,0.951400691528487,decreasing,-0.06809411381566247,-0.06809411381566247,Health Care,1
57,BBWI,0.7967803541563447,0.3261671969693099,-0.8415799891436312,0.8571302260558915,0.8580954341932552,no change,-0.0028733261036224056,-0.0028733261036224056,Consumer Discretionary,11
58,BBY,0.8177553079915895,0.3281739719744027,-0.8242104876156399,0.8466818665108029,0.8480324449352965,increasing,0.02664318778298118,0.02664318778298118,Consumer Discretionary,5
59,BDX,0.3309258112571003,0.04398934298065806,0.09449866181075428,-0.015357335009291205,-0.04796368384509331,increasing,0.11361073338708212,0.11361073338708212,Health Care,5
60,BEN,0.796058910168054,0.25148240882429473,-0.678935580922455,0.6432848779956284,0.626252330044144,increasing,0.009036687007268552,0.009036687007268552,Financials,5
61,BF-B,0.24456244470684838,-0.04099086688162941,-0.42727687295830896,0.3827598213657983,0.4362190023605992,decreasing/RTC,-0.047173130887559145,0.14639999389648437,Consumer Staples,20
62,BG,-0.11897064355159556,0.14353679313004605,0.5766343282073496,-0.1762396897231062,-0.23003986035076204,decreasing/RTC,-0.019294030325753348,0.40921287183408384,Consumer Staples,6
63,BIIB,0.07745084825432022,0.05846509138997645,-0.09219759841763131,-0.23099577526831172,-0.19855977981565814,increasing,0.1316827597818908,0.1316827597818908,Health Care,5
64,BIO,0.6999369820505508,0.10577349329258705,-0.9375563761297865,0.9304659591976108,0.9371288725243022,decreasing,-0.18751507494823044,-0.18751507494823044,Health Care,1
65,BK,0.7741168650112304,0.27824520371606387,-0.7175099746308315,0.782646991434103,0.7600860218105991,increasing,0.008369724772800909,0.008369724772800909,Financials,5
66,BKNG,0.55812621226526,0.22834845893849837,-0.10618965879664995,-0.03597606599115575,-0.07073491102723133,increasing,5.262369295445884,5.262369295445884,Consumer Discretionary,15
67,BKR,-0.11823605451130445,0.4007909025093583,0.5973644916745391,-0.30060165482908535,-0.35984538428905105,increasing,0.030258070524107512,0.14962499936421714,Energy,5
68,BLK,0.8190696388347829,0.2492229574758245,-0.8200874184744619,0.7389339173877962,0.7507021433855109,no change/RTC,0.002775777584661252,1.0323528777387807,Financials,8
69,BMY,-0.7562622041098758,-0.08181237489347647,0.6867461004637614,-0.45398428334929347,-0.4697199538014559,decreasing,-0.026520148874672907,-0.08829717532448147,Health Care,19
70,BR,0.7349184563703434,0.1626789089655095,-0.7576735206359546,0.550170184715623,0.5983630656955072,increasing,0.06022063023930796,0.06022063023930796,Industrials,5
71,BRK-B,0.21989759929234975,-0.013959595609771096,0.42110857439802307,-0.2949288388671837,-0.343889209002388,increasing,0.2859992980957031,0.2859992980957031,Financials,5
72,BRO,0.5958843141323993,0.08635864230653842,-0.15497962937703694,0.20145726044771292,0.19671953872651238,increasing,0.033694672201644474,0.033694672201644474,Financials,5
73,BSX,0.16687903549241162,0.04051676829758571,0.25978588047279516,-0.49772375946458636,-0.5086783121238139,increasing,0.05976356043262341,0.05976356043262341,Health Care,5
74,BWA,0.5040427733277307,0.24039574328705124,-0.11015973594987996,-0.08822290949800612,-0.11270654901752063,increasing,0.054912748790922616,0.054912748790922616,Consumer Discretionary,5
75,BXP,0.566828288364288,0.6051236766563396,-0.688092342169472,0.9384505847494188,0.9286419801445371,decreasing,-0.11815493906773444,-0.11815493906773444,Real Estate,1
76,C,0.7492930830752407,0.25115331033838234,-0.9084294505677228,0.894112357349143,0.9046535418647961,no change,-0.003561219946340897,-0.003561219946340897,Financials,11
77,CAG,-0.4982332237017893,0.10429988289257125,0.6124773897086531,-0.609291151060974,-0.6381653262041137,increasing/RTC,0.018416867618672332,-0.06864056023218298,Consumer Staples,2
78,CAH,-0.3933920333603182,-0.044879024236363384,0.7496293690496314,-0.9232825526907725,-0.9151425216111204,increasing,0.0949405013609827,0.0949405013609827,Health Care,5
79,CARR,0.854390159487082,0.26432488737477994,-0.7173103417137573,0.5387115116978589,0.5521928604488336,increasing,0.029246191544966264,0.3049996693929037,Industrials,5
80,CAT,0.062155509045613094,0.17301778177512414,0.44595762291921415,-0.44256200623929465,-0.4798142060533109,increasing,0.24844742926998414,1.2144629301848235,Industrials,5
81,CB,-0.35945095659277543,-0.00015078690087249962,0.6923831539409755,-0.3843045630513514,-0.43600832765766573,no change,-0.02251438162792688,-0.02251438162792688,Financials,18
82,CBOE,0.29695023611420807,-0.053150925940874394,-0.019402902815420803,-0.347685202808504,-0.3287358010203394,increasing,0.09731483569195493,0.09731483569195493,Financials,5
83,CBRE,0.8630193442412332,0.5456896250027691,-0.7989328336658864,0.8388846813874996,0.830239864010885,increasing,0.028557917646378807,0.028557917646378807,Real Estate,5
84,CCI,0.43815593704366296,0.5730239603000716,-0.6994206617080789,0.8842698943846607,0.8781693663868992,decreasing,-0.19441013887679065,-0.14499986436631945,Real Estate,1
85,CCL,0.8969007466345373,0.32760566429637306,-0.8247978098523273,0.8374158909479906,0.8400288277328098,increasing,0.004736840934084173,0.12225142741963743,Consumer Discretionary,5
86,CDAY,0.7153557535390609,0.2350236259908532,-0.8221375979138994,0.6850992532479323,0.7096186683035683,increasing,0.034110131698878145,0.034110131698878145,Information Technology,5
87,CDNS,0.13610247265334613,0.12608028144505867,0.25854019385046134,-0.5685421722721202,-0.5687888061380836,increasing,0.3199205920589615,0.14167628932643583,Information Technology,5
88,CDW,0.5063168163281445,0.20698557942051904,-0.3641538880686102,0.23297773169726946,0.21709243953261567,increasing,0.0660453976079601,0.0660453976079601,Information Technology,5
89,CE,0.7948098370383805,0.12242589064701133,-0.7907709404329292,0.9307477531819244,0.9063837151188177,increasing,0.05023819874175489,0.333969463001598,Materials,5
90,CEG,-0.6358024447803419,0.10880830946150874,0.8671939604461448,-0.9663211769501313,-0.9480655065966512,decreasing/RTC,-0.062315770199424345,0.3351281973031851,Utilities,3
91,CF,-0.6576034329124948,0.014820595439908617,0.7460512155622294,-0.4590379040135226,-0.46118358411777177,decreasing,-0.17982955412431198,-0.17982955412431198,Materials,19
92,CFG,0.4662744333458877,0.2771843503206488,-0.5525825876823527,0.7932657421387982,0.7785516366721029,decreasing,-0.05115889066790098,-0.05115889066790098,Financials,1
93,CHD,0.6204338124342967,0.09028051722745989,-0.22312336310089478,0.3232521248129311,0.2653978230816893,increasing,0.1124683121410111,0.1124683121410111,Consumer Staples,5
94,CHRW,-0.15610254430862996,-0.10293786391897154,0.25951912037831754,-0.0747417943581871,-0.09957951140849129,decreasing/RTC,-0.018000030517578126,0.03260382016499837,Industrials,6
95,CHTR,0.7258324102401038,0.4978423988032024,-0.9302304270010083,0.9489930054125452,0.9600240938741588,no change,-0.0193551125541191,-0.0193551125541191,Communication Services,11
96,CI,-0.7672894756562836,-0.09226194635814203,0.887909585994063,-0.8551895973099845,-0.8474848218954265,decreasing,-0.15840178767060922,-0.15840178767060922,Health Care,19
97,CINF,0.43016952562513106,0.18939325756375522,-0.40929582167506984,0.703000134847964,0.6486179605284964,increasing,0.013481538443383179,0.013481538443383179,Financials,5
98,CL,0.4904514775444085,0.07593468937497552,-0.38461574665177817,0.4239353659229191,0.40075357794591104,increasing,0.005974599684792003,0.005974599684792003,Consumer Staples,5
99,CLX,0.7147737906049436,-0.03999346391947484,-0.6510439441438638,0.4137613661063757,0.40792467190831705,increasing,0.09386891009760838,0.09386891009760838,Consumer Staples,5
100,CMA,0.29498896863203045,0.226517151842772,-0.4432436330608522,0.7430987315198504,0.7376426932893679,decreasing,-0.17052620335629112,-0.17052620335629112,Financials,1
101,CMCSA,0.8388979712221464,0.5098575750425488,-0.9051087343793918,0.8677077435061614,0.867892363814104,increasing,0.04925084243826315,0.04925084243826315,Communication Services,5
102,CME,0.6651671205169691,0.20040257030583972,-0.5451851983409227,0.781039396174266,0.7445666787173283,increasing,0.05312094956765443,0.05312094956765443,Financials,5
103,CMG,0.48933338990458625,0.19270884243428596,-0.29134329852567586,-0.08240411333855867,-0.04374767603622089,increasing,2.2007778896952934,2.2007778896952934,Consumer Discretionary,5
104,CMI,0.05888695599269142,0.18319287103393012,0.13217293431272706,-0.3476126737925503,-0.32346991827358684,increasing,0.06038046775925369,0.06038046775925369,Industrials,5
105,CMS,0.057693385072392536,0.14141097101763095,-0.06834111829194775,0.3153693647195404,0.2886049615623141,no change,-0.012564266207348617,0.01220678789862271,Utilities,4
106,CNC,-0.3036147687670623,-0.05933162007621592,0.2856639185384335,0.010386837680916696,0.0060498080675300695,decreasing,-0.10382766075412087,-0.10382766075412087,Health Care,1
107,CNP,-0.49512049461437924,0.2113974594375955,0.7414057320308808,-0.5943537937470942,-0.6112313121216244,decreasing/RTC,-0.007861293491254542,0.021348459070379085,Utilities,3
108,COF,0.7986538811835712,0.25750475017546337,-0.8871714614032827,0.9305164407711226,0.935177716404789,decreasing/RTC,-0.05008072881117693,0.1958337148030599,Financials,20
109,COO,0.8893061845915684,0.13887595259395677,-0.7232163157661817,0.6694138274359995,0.6507992022642777,increasing,0.476372609298195,0.476372609298195,Health Care,5
110,COP,-0.7209236875823961,0.6085850221001099,0.9753506160251084,-0.8204571528692784,-0.8298681511386807,decreasing/RTC,-0.09708216142262693,0.28874681260850693,Energy,3
111,COST,0.35817257555991194,0.10839729574869389,0.1479056985525527,-0.030827531726873674,-0.04942188011520728,no change/RTC,-0.05016639835231907,1.1822964650280072,Consumer Staples,9
112,CPB,-0.754981722268515,0.10473568697186877,0.8193275902455461,-0.8451468691140069,-0.8645832941186198,increasing/RTC,0.032526344395011994,-0.11385188632541232,Consumer Staples,2
113,CPRT,0.5451390761273662,0.25029109010503064,-0.18074592016094684,-0.13702078069359513,-0.1310182027168585,increasing,0.16638990751185215,0.16638990751185215,Industrials,5
114,CPT,0.6702297901039219,0.6222501192511668,-0.7139658903872471,0.9294709399711154,0.914738448851039,decreasing,-0.06670798703071174,-0.06670798703071174,Real Estate,1
115,CRL,0.7217742577526423,0.11696462933088837,-0.916773028245126,0.8900234219815318,0.9061987303034071,decreasing,-0.031064007046749272,-0.031064007046749272,Health Care,1
116,CRM,0.8733519819161818,0.2752326037777577,-0.854917611117486,0.7196688085155076,0.7327669102449443,increasing,0.35422629546001005,0.35422629546001005,Information Technology,5
117,CSCO,0.922264365406895,0.281938438644701,-0.7577222590490937,0.7350155788469108,0.7167842473477936,increasing,0.03387424551867748,0.07806402961320005,Information Technology,5
118,CSGP,0.36593848180202493,0.20383504598234023,-0.3159713951469059,0.0017427795151145867,0.06365257841386565,decreasing/RTC,-0.02304630510786696,0.12116762191530259,Industrials,20
119,CSX,0.8582352333150707,0.18034972023749798,-0.4818778893446458,0.6281019103779577,0.6015332591298254,no change,-0.0008780805129177022,0.014194414350721572,Industrials,11
120,CTAS,0.08789934609212467,0.17923900638133852,0.3730740300638251,-0.612573159797935,-0.6047538753671106,increasing,0.3715173041466439,0.3715173041466439,Industrials,5
121,CTLT,0.5033346983167669,0.05778389591675307,-0.8366825198634552,0.9179412461346983,0.9271859258383628,decreasing,-0.1478735825111126,-0.1478735825111126,Health Care,1
122,CTRA,-0.6830162745507177,0.5209483064706821,0.7642254702321968,-0.5279367873377039,-0.533248583261429,decreasing,-0.015000001660415103,-0.015000001660415103,Energy,14
123,CTSH,0.7608445092304638,0.17557390085448452,-0.66189712791131,0.8747480029827708,0.8444031287214755,no change/RTC,-0.004201027038737197,0.1350001335144043,Information Technology,8
124,CTVA,-0.770303141206692,-0.036674110900228825,0.9656553805025779,-0.8489344400886681,-0.8606306737379136,decreasing,-0.034654629240610316,-0.034654629240610316,Materials,19
125,CVS,-0.001326024776523009,-0.006296164309451073,-0.10275423113234786,0.4469320804806779,0.4395816163310452,decreasing,-0.15566675821940104,-0.15566675821940104,Health Care,1
126,CVX,-0.6995812168463734,0.6149560404776377,0.9816568720875565,-0.7881681435634026,-0.8154285727736557,decreasing,-0.05403908697002953,-0.05403908697002953,Energy,14
127,CZR,0.8145822140166267,0.3240382447994656,-0.8761846884814577,0.8862270700667958,0.8963433605416691,increasing,0.018571172441755025,0.2601021552572445,Consumer Discretionary,5
128,D,0.23293002732667684,0.021939482089770316,-0.49645240952188574,0.7451197641191026,0.7473815549690632,decreasing/RTC,-0.11461873220200705,-0.012124118948341311,Utilities,20
129,DAL,0.7502669272708552,0.23473358790411092,-0.36429107129974125,0.36341236179111086,0.35184862773375625,increasing,0.01960628799029759,0.19270832538604737,Industrials,5
130,DD,0.7598245348474543,0.10796692940727518,-0.3699600340298135,0.42511857462099784,0.3772196190356329,increasing,0.08602869013945261,0.1882045825706396,Materials,5
131,DE,-0.07970672662416416,0.11597938677362093,0.5440884628515712,-0.48525467306792724,-0.5058851460323563,increasing,0.11183507491131219,0.11183507491131219,Industrials,5
132,DFS,0.8099732294698984,0.2445344004271802,-0.7313419864628734,0.7112074956559247,0.7136350989288641,no change,0.010806992641075226,0.0587387431751598,Financials,11
133,DG,-0.4894414502259773,0.01569929508902367,0.09878425474673765,0.05586330251299239,0.07018921436558487,decreasing,-0.21730224175442614,-0.13913030209748642,Consumer Staples,1
134,DGX,0.4649584872444913,0.11090237242930111,-0.4103739449355003,0.3602951552955763,0.351906296571082,increasing,0.04235377385066105,0.09458995382114091,Health Care,5
135,DHI,0.49374691486007677,0.2095765833247721,-0.09059511798409019,-0.2052391239343645,-0.21447300308363726,increasing,0.2399999656804828,0.2399999656804828,Consumer Discretionary,5
136,DHR,0.5976798349111033,0.09901323019400775,-0.8554767864530599,0.8303939894716408,0.8603896411071194,decreasing,-0.16330607903802558,-0.16330607903802558,Health Care,1
137,DIS,0.7212617616423845,0.4957681187412451,-0.9187730317186403,0.9221391637645048,0.937035193745306,decreasing,-0.0753498152044188,-0.0753498152044188,Communication Services,1
138,DLR,0.7611633378070044,0.6037119485999416,-0.8547173279306833,0.9463385427041291,0.9434334008811871,decreasing/RTC,-0.09319703385390976,0.49902946164148937,Real Estate,20
139,DLTR,-0.48684543072400377,0.1548218596536692,0.7707156695229219,-0.5614670777693844,-0.600955950599233,no change,0.012716080143981116,0.012716080143981116,Consumer Staples,18
140,DOV,0.8832470840429149,0.22994374238954937,-0.7418545747904114,0.6965187449686436,0.6795339650448254,increasing,0.07678202839070172,0.07678202839070172,Industrials,5
141,DOW,0.4860510849460736,0.14886864807335054,-0.36192140230474906,0.6267505073985035,0.5740955734749696,increasing,0.02360503074961021,0.02360503074961021,Materials,5
142,DPZ,0.7487481669790207,0.28407677951436244,-0.8979439564550845,0.8828838877435283,0.8975152159305135,decreasing/RTC,-0.2768521612635644,2.024445003933377,Consumer Discretionary,20
143,DRI,0.44677513835214844,0.21380024466763947,-0.08397263762278451,-0.1926635094213307,-0.18527721583426557,increasing,0.13684074666969565,0.10291014314956182,Consumer Discretionary,5
144,DTE,-0.034492492205864124,0.14090277204608925,-0.04285989729049996,0.29665440062871673,0.29219390917148264,decreasing,-0.04448715780716343,-0.04448715780716343,Utilities,1
145,DUK,0.09044883979664255,0.10487090027398627,-0.2321914631139419,0.4978816968476793,0.4777637530042145,decreasing/RTC,-0.03766188167566689,0.03708330790201823,Utilities,20
146,DVA,0.7848895198745902,0.1047205047178608,-0.8066684158059727,0.7922164355786171,0.7998317298731277,increasing,0.11356776775700031,0.11356776775700031,Health Care,5
147,DVN,-0.7326328515857115,0.5502244519324296,0.8300049110244198,-0.5449075018594415,-0.5563315024598388,decreasing,-0.10577548071827403,-0.10577548071827403,Energy,14
148,DXC,0.5401735964587504,0.11390235095387864,-0.7494885100640709,0.8788746897654938,0.8813692268543707,decreasing,-0.00809691529558618,-0.00809691529558618,Information Technology,1
149,DXCM,0.7131244696301016,0.12196794882946274,-0.48645805687350885,0.31403585219468155,0.3279330395940526,increasing,0.1510924651843159,0.1510924651843159,Health Care,5
150,EA,0.5902169948604308,0.35806896151959444,-0.6693617738571903,0.6054959440092232,0.648743319259974,increasing,0.012000137329101563,0.012000137329101563,Communication Services,5
151,EBAY,0.8090918979206682,0.3230454736078714,-0.9173041075449611,0.8853800222216646,0.8968295588810569,increasing,0.013245521117148926,0.013245521117148926,Consumer Discretionary,5
152,ECL,0.8944882111963092,0.05318444028859052,-0.917563553724112,0.7890563696308073,0.801903654933799,increasing,0.1798550934350791,0.1798550934350791,Materials,5
153,ED,-0.5844107639600171,0.19018210892109613,0.8462334863167382,-0.7534441179952626,-0.7831620670887397,increasing/RTC,0.01633123620485287,-0.04543568871238015,Utilities,2
154,EFX,0.9100836720412548,0.21778960911121634,-0.8445550009703008,0.7555984167799611,0.7557353484247658,increasing/RTC,0.09746519724527994,-0.19556340938661157,Industrials,12
155,EG,-0.246781581610866,-0.12783431413522228,0.64843224970403,-0.757217934730527,-0.7937809702022924,increasing/RTC,0.6556180558114681,0.12738006672960647,Financials,2
156,EIX,-0.009456075258169539,0.15024532293065873,0.502099321514846,-0.46994944930606486,-0.5181388506738812,increasing,0.03484183790046217,0.03484183790046217,Utilities,5
157,EL,0.6309243978477844,-0.08045701283719636,-0.8338096094416478,0.8856341421335098,0.8765316533276697,decreasing,-0.2544520939269401,-0.2544520939269401,Consumer Staples,1
158,ELV,-0.6588384851498471,-0.09211868239372518,0.8727988844569983,-0.6140879604029957,-0.6422522734934307,decreasing,-0.20885677596742955,-0.20885677596742955,Health Care,19
159,EMN,0.7454727088766623,0.1330147376659806,-0.7338217151747758,0.9252956106934243,0.8974751529763156,no change,-0.0017420755101947767,-0.0017420755101947767,Materials,11
160,EMR,0.6507295827438729,0.1720865748307113,-0.5644849991440396,0.6301905281813621,0.637712126086094,no change/RTC,-0.000622333678524051,0.26595457250421695,Industrials,8
161,ENPH,-0.5670887938064412,-0.15670125213198607,0.43563440707317225,-0.444135828138349,-0.3962298823919024,decreasing,-0.6623462509766548,-0.6623462509766548,Information Technology,22
162,EOG,-0.6608949981713501,0.6079995730092785,0.9530421828563117,-0.707834309948645,-0.7304491098055506,decreasing/RTC,-0.07087107630862872,0.39066870689392086,Energy,3
163,EPAM,0.5647411052634672,0.16581480847543237,-0.855727998489965,0.7703761338178646,0.7997603038653335,decreasing/RTC,-0.7401742214626736,0.31225367104134905,Information Technology,20
164,EQIX,0.870594327288063,0.345597923716136,-0.6876015148660345,0.5327261365463052,0.528791412282715,increasing,0.7464501220776727,0.7464501220776727,Real Estate,5
165,EQR,0.7264043761020863,0.6170975787427804,-0.7517151707997527,0.9206169561390005,0.914894596682132,decreasing/RTC,-0.051538477887164105,0.08693742752075195,Real Estate,20
166,EQT,-0.7141269704673076,0.5228077775390682,0.8006010549951739,-0.7208000687282708,-0.7054346140877096,decreasing/RTC,-0.09722497098647853,0.11166648070017497,Energy,3
167,ES,0.21877930046727995,0.0532781885176312,-0.47106556323774923,0.6758262474917615,0.6737427363948013,decreasing/RTC,-0.06313577171372572,-0.04000011994876963,Utilities,20
168,ESS,0.7345773631523974,0.6208785004479688,-0.7904536267782764,0.9471880959112011,0.9420214035572577,decreasing/RTC,-0.19836312248593285,0.49778678200461646,Real Estate,20
169,ETN,0.5095191629940251,0.2711396226062338,-0.05123359338662464,-0.20267660953052863,-0.20303657043230508,increasing,0.17053504598569713,0.7675284249441965,Industrials,5
170,ETR,-0.18015694936978313,0.15338527428793367,0.06796254023963749,0.19300414949726302,0.18182940986980753,decreasing/RTC,-0.04965240609977843,-0.039775677216358676,Utilities,6
171,ETSY,0.6944988659676525,0.30848669046197263,-0.816635194082223,0.7516519112936012,0.7691767571027921,no change,-0.008253445375720987,-0.023197467776312344,Consumer Discretionary,11
172,EVRG,0.3018244843777886,0.07319610542171757,-0.4687448391856663,0.6218839332392898,0.6195305169690645,decreasing/RTC,-0.014000037511189778,0.0032109378804415062,Utilities,20
173,EW,0.7873321914106037,0.09571435981783612,-0.8668643432858459,0.9222620009893097,0.9214354716061929,increasing,0.03626229384270198,0.03626229384270198,Health Care,5
174,EXC,-0.3036819390084417,0.18189017872301202,0.5470179099491709,-0.2605168649634936,-0.3112125627803728,no change/RTC,0.005148052419506529,0.035705126248873204,Utilities,17
175,EXPD,0.7894452899892673,0.25803295069397747,-0.6132373040350576,0.41630328490969626,0.41703833187276035,increasing,0.09799481330647722,0.09799481330647722,Industrials,5
176,EXPE,0.7927349839887088,0.27296771610459203,-0.661164833983911,0.8650404591671181,0.8415027300181922,decreasing/RTC,-0.03634910910366377,0.3623268821022727,Consumer Discretionary,20
177,EXR,0.5141201334677776,0.5566362930944657,-0.588924809342343,0.7735080228535415,0.7678585589142549,decreasing,-0.15499997611577104,-0.15499997611577104,Real Estate,1
178,F,0.7316919115026215,0.25039636443943775,-0.49907774733689275,0.6345466878392613,0.6156159478684669,decreasing/RTC,-0.014925373134328358,0.014797620546250115,Consumer Discretionary,20
179,FANG,-0.5704110620904669,0.5896099432036562,0.932030043820839,-0.6949946440057369,-0.7271136245285352,no change,-0.012246260965677132,-0.012246260965677132,Energy,10
180,FAST,0.908012499376714,0.222795599325596,-0.5298326830170847,0.5178452623992005,0.4912047723418636,increasing,0.032415351941857726,0.06277993734015724,Industrials,5
181,FCX,0.4179644093783849,0.12982955544302274,0.12296737070004866,0.12545380180681126,0.0558502888499239,increasing,0.04169122014677709,0.04169122014677709,Materials,5
182,FDS,0.27454473122035683,0.10788109292655589,0.020401645534969096,0.028380748931221438,0.02913208839064189,decreasing,-0.11243354987119245,-0.11243354987119245,Financials,1
183,FDX,0.8008517338329423,0.18296420192847376,-0.6826790436566067,0.5315807906035516,0.5166459957589774,increasing,0.4779194175422966,0.4779194175422966,Industrials,5
184,FE,0.09655651842853773,0.14849997640869075,0.24912421592450198,0.0805758331929678,0.022196559979373948,no change,0.002516765594482422,0.018047568911597842,Utilities,4
185,FFIV,0.8192226950124316,0.211325814105679,-0.8317135856458353,0.9380372425548013,0.930856352575172,decreasing/RTC,-0.09377401105258851,0.2598074888571715,Information Technology,20
186,FI,0.31017903908431527,-0.049645249293726865,-0.038906973716696255,-0.31579350438392867,-0.3041846675282983,increasing,0.12827462187123279,0.12827462187123279,Financials,5
187,FICO,-0.1170506035018923,0.04063301549647149,0.5172449705428591,-0.7499738108172411,-0.7632400783677347,increasing,1.6782774341848743,1.6782774341848743,Information Technology,5
188,FIS,0.5166215928119752,0.2156656782852297,-0.8326770907794422,0.9352668875228657,0.9500475626361778,decreasing,-0.1337702940768959,-0.1337702940768959,Financials,1
189,FITB,0.5173754726051287,0.26995477357430886,-0.5940584922719375,0.8550423001794213,0.8426021143704066,decreasing,-0.04203123599290848,-0.04203123599290848,Financials,1
190,FLT,0.7594540575859882,0.13666067443613011,-0.6473311396119735,0.6196818821068154,0.6208727252661518,increasing,0.33314097555060135,0.33314097555060135,Financials,5
191,FMC,-0.44733031031780546,0.06562516291937867,0.7100826213193653,-0.397689181892483,-0.4552038224764133,increasing/RTC,0.0545264368471892,-0.34135175894202463,Materials,2
192,FOX,0.7813052388115344,0.47375266041651065,-0.69504017603772,0.8301192902042319,0.8149307222562983,increasing,0.00817978367660985,0.00817978367660985,Communication Services,5
193,FOXA,0.7643993000684365,0.46799344101787743,-0.6862522834475335,0.8269995409297951,0.8083131615251077,increasing,0.00801065802735907,0.00801065802735907,Communication Services,5
194,FRT,0.7449142125403828,0.5956456366411833,-0.6892329481826992,0.8812206181832744,0.8601923920453971,decreasing,-0.025595264517383656,-0.025595264517383656,Real Estate,1
195,FSLR,-0.2627407921010554,0.006142218595952689,0.5332997684300158,-0.795039445420236,-0.7891703771647878,increasing,0.34208315199889616,0.34208315199889616,Information Technology,5
196,FTNT,0.6990923314585666,0.2437866769215179,-0.30348069645145187,0.16377777050740952,0.1451156930607606,increasing,0.11561570947541046,0.11561570947541046,Information Technology,5
197,FTV,0.7071845721504306,0.26139165116513974,-0.555696167026977,0.305461045776905,0.3314225713169947,increasing,0.013571375892275856,0.24276195556398422,Industrials,5
198,GD,-0.65012908381166,-0.12918493779264686,0.8306698659147674,-0.5691101210989656,-0.5818322765970686,decreasing,-0.12006000199279059,-0.12006000199279059,Industrials,19
199,GE,0.4727239003048589,0.24329266682220174,-0.041528389819148984,-0.19793152667083933,-0.21245522945264908,increasing,0.279416848467542,0.279416848467542,Industrials,5
200,GEHC,-0.011172587883737772,-0.008121270436364294,0.37604261818295714,-0.6084537051518919,-0.631315656612985,increasing,0.09405414478198902,0.09405414478198902,Health Care,5
201,GEN,0.45255587847000844,0.0633212004835391,-0.5983047800312263,0.8516504718525238,0.852794028576533,decreasing/RTC,-0.03148504797901426,0.061757321918711944,Information Technology,20
202,GILD,-0.18495053950410945,0.01979178458472826,0.39001303281140426,-0.5852287366960801,-0.5929520287277964,increasing/RTC,0.09116257561577691,-0.002086879896081012,Health Care,2
203,GIS,-0.6334154913628806,0.11178452905682436,0.834649106773883,-0.9238237533951776,-0.9351221532186079,increasing/RTC,0.05999996722133384,-0.2517424496737394,Consumer Staples,2
204,GL,-0.515905442737657,-0.10182214962784446,0.7873125065519075,-0.8102540712421595,-0.8266455708301813,increasing,0.02205956098492809,0.02205956098492809,Financials,5
205,GLW,0.7257099888668338,0.1982709843827149,-0.7105830688652516,0.7914815784299577,0.7774181779167747,no change,0.001255923310714737,0.001255923310714737,Information Technology,11
206,GM,0.8102137416484748,0.3269610240900017,-0.8096454261965481,0.8291295820662135,0.8326996435272515,decreasing,-0.008880961482327122,-0.008880961482327122,Consumer Discretionary,1
207,GNRC,0.6906498466298511,0.07243512865307901,-0.9223822370547634,0.94727195191075,0.967556877332391,decreasing/RTC,-0.3790342282026242,0.5554231517102135,Industrials,20
208,GOOG,0.9049046170981697,0.4934847778642583,-0.8732171141042169,0.8498557992885005,0.8549285490529067,increasing,0.12215840414870421,0.12215840414870421,Communication Services,5
209,GOOGL,0.9055586333573817,0.4938754855891308,-0.8711698740303536,0.8516858160620868,0.8561502840879397,increasing,0.1221089755454887,0.1221089755454887,Communication Services,5
210,GPC,-0.5947894281561854,-0.18211741923105285,0.7959207114538106,-0.9149994781803436,-0.9079820434156415,increasing/RTC,0.04271443029087376,-0.0277259968958763,Consumer Discretionary,2
211,GPN,0.5979392190009946,0.21877723245361708,-0.8436495120753871,0.8793196430830568,0.8978319635872798,decreasing,-0.03999997144337213,-0.03999997144337213,Financials,1
212,GRMN,0.7653544124076175,0.30507774365208556,-0.9295609798102736,0.8252144085980595,0.8410284805220456,increasing,0.08890149566256791,0.08890149566256791,Consumer Discretionary,5
213,GS,0.6243506195301852,0.23033707466409303,-0.6615700154242017,0.5577360808728408,0.5823891656343528,no change,-0.039480443586382946,-0.039480443586382946,Financials,11
214,GWW,-0.1844244558119091,0.09900534464307907,0.6500663194477895,-0.8251658870453751,-0.8391969592303001,increasing,0.8740605341923702,1.1205857220818016,Industrials,5
215,HAL,-0.4971555394492153,0.564547070996438,0.8824533818637847,-0.6001665512888404,-0.6466572882336261,increasing,0.01306688765001737,0.01306688765001737,Energy,7
216,HAS,0.6260633214366373,0.19999687467123797,-0.8165008644250951,0.9472358817575306,0.9514801240371399,decreasing,-0.04477135479785051,-0.04477135479785051,Consumer Discretionary,1
217,HBAN,0.35200012751011783,0.2651688543334727,-0.49266656306586404,0.6779507508305482,0.6854996488630192,decreasing,-0.015426597831424593,-0.015426597831424593,Financials,1
218,HCA,0.5328454241863456,0.09403568451383348,-0.05025247579220703,-0.10776735104565092,-0.1270227408158351,increasing,0.38391203741632585,0.38391203741632585,Health Care,5
219,HD,0.793764474695133,0.3184285746705806,-0.6574045777478632,0.6812573987294793,0.6703061283314398,no change/RTC,0.00802949999199539,0.7693333943684896,Consumer Discretionary,8
220,HES,-0.657509852931401,0.5703286592538549,0.9557346318103062,-0.9404174701737177,-0.9530549690778033,increasing,0.06327581277725061,0.06327581277725061,Energy,7
221,HIG,0.10362113439133498,0.09439513574659514,0.33261307543035845,-0.19971180089615992,-0.23330417447045237,increasing,0.023826652633482385,0.023826652633482385,Financials,5
222,HII,-0.6914950812434373,-0.10020893692295169,0.7074023743499461,-0.7227651326449158,-0.6746144140323077,decreasing/RTC,-0.2163799130930838,0.5358251770490845,Industrials,16
223,HLT,0.5788686418684267,0.2085449739253122,0.04407545253671578,0.10105602197171153,0.05102223962690249,increasing,0.09095240797417453,0.09095240797417453,Consumer Discretionary,5
224,HOLX,0.1852105245754973,0.06532414231488473,0.1579004734620954,-0.291190835452034,-0.33361930878750634,increasing/RTC,0.10364822366297215,-0.0646013496747983,Health Care,0
225,HON,0.5490792485083847,0.21528068875992518,-0.49082909853378415,0.37466621687189894,0.398768944118761,no change,-0.0012632751272562627,0.0817854745047433,Industrials,11
226,HPE,0.483655882256505,0.16040089492380538,0.10361967693988904,0.0570774467475962,0.004176280302872547,increasing,0.009117638363557704,0.04952935813405321,Information Technology,5
227,HPQ,0.4706647316555311,0.09354053303274339,-0.17648857119107417,0.4891879843086572,0.4280402551696681,increasing,0.013579114537396238,0.0514799757803486,Information Technology,5
228,HRL,-0.07012367682235177,0.07528637917374913,0.03589195183885782,0.3224785236699832,0.30702266533220934,decreasing,-0.040392379683552165,-0.040392379683552165,Consumer Staples,1
229,HSIC,0.13947547873489088,0.05098603603962242,0.25433218309749117,0.031547136512744864,-0.03548685003627606,increasing,0.022800365085319824,0.022800365085319824,Health Care,5
230,HST,-0.0379315221263216,0.1785747325111522,0.3539969085260941,0.04882300567089776,0.022739768255562738,decreasing/RTC,-0.008888880411783854,0.0014496130101821002,Real Estate,6
231,HSY,-0.5323591243474971,0.12096217993721582,0.8311192250159974,-0.9086953954086514,-0.9274281880802828,increasing/RTC,0.19171112143748767,-0.7072455088297526,Consumer Staples,2
232,HUM,-0.7197939970554407,-0.08265193839327478,0.761535156754612,-0.8306383655412778,-0.819324652307782,increasing/RTC,0.05338156639568071,-0.4760013641427256,Health Care,2
233,HWM,-0.1763529295193972,0.09877527353767689,0.6362877450475172,-0.803325479219385,-0.8165866522374802,increasing,0.06727767782248997,0.06727767782248997,Industrials,5
234,IBM,-0.3415394464682392,-0.1093663512624099,0.41190664486164696,-0.3120900499544846,-0.3145231672860271,decreasing/RTC,-0.05021275135508755,0.2793386744502375,Information Technology,6
235,ICE,0.9291396403626838,0.252409147403412,-0.663891454614332,0.7374801533059495,0.7210655230899052,increasing,0.06773695213132791,0.06773695213132791,Financials,5
236,IDXX,0.8519035178890926,0.14072472435288422,-0.7758626429800659,0.6427290433093221,0.643749162172776,increasing,0.7419394348020727,0.7419394348020727,Health Care,5
237,IEX,0.19425748223240008,0.17489364847474614,-0.10382097161873739,-0.08177629579172728,-0.0671139343455302,decreasing,-0.026240680834366672,-0.026240680834366672,Industrials,1
238,IFF,0.5676149761327519,0.10662852171448178,-0.8067135640719456,0.9501482369576367,0.9473742815969255,decreasing/RTC,-0.07727325064070681,-0.009095587381502478,Materials,20
239,ILMN,0.7504226533220716,0.11992157246339298,-0.8986824576351915,0.9142138086216174,0.9217462219893641,decreasing,-0.06809172312418621,-0.06809172312418621,Health Care,1
240,INCY,-0.42241372555275236,-0.0027962205554367403,0.26791729989824575,-0.060320591912385674,-0.09425590880974476,decreasing,-0.04928249443995424,-0.04928249443995424,Health Care,1
241,INTC,0.7852339728001639,0.19058744901758534,-0.8699463033380745,0.9682198588949477,0.9613647190681371,increasing,0.02426709363414983,0.02426709363414983,Information Technology,5
242,INTU,0.8918617602897246,0.2753019230636346,-0.8698697316111766,0.7743660999819431,0.7847757784085381,increasing,0.11152189347338577,1.4921652102002911,Information Technology,5
243,INVH,0.7725435295802342,0.5946788269443409,-0.8099224462433611,0.8964784033656242,0.8970285372679401,increasing,0.007999999237946656,0.007999999237946656,Real Estate,5
244,IP,0.5546601920025556,0.10170562907400338,-0.8204436433050741,0.9353098013476376,0.9355716457915113,decreasing,-0.020979261507658952,-0.020979261507658952,Materials,1
245,IPG,0.6861542111645519,0.2825930889356272,-0.31519204140306056,0.20500516753804765,0.1726230529340532,increasing,0.046463107544040164,0.046463107544040164,Communication Services,5
246,IQV,0.8236566430871948,0.12019776262868646,-0.8246752670075856,0.8178915282536507,0.8223927292966152,decreasing/RTC,-0.08601478127872243,0.47389004239518884,Health Care,20
247,IR,0.5178626116717483,0.26331210402607724,-0.05696986044428589,-0.17641162169087538,-0.18589933531182315,increasing,0.05979967422974415,0.14019182272124708,Industrials,5
248,IRM,-0.15646582967563236,-0.29152494303267684,0.6664671075940207,-0.6891305802477375,-0.7059856965235072,increasing,0.04030770521897536,0.04030770521897536,Real Estate,5
249,ISRG,0.8759513899579657,0.13478202960780644,-0.6555291376737719,0.48201500655259566,0.4928863866533001,increasing,0.511131765346716,0.511131765346716,Health Care,5
250,IT,0.2562398702644565,0.1542527785339451,0.13052068104350195,-0.3473209262940435,-0.32905439991999624,increasing,0.0859072335701494,0.20835469563802084,Information Technology,5
251,ITW,0.5709163277842705,0.2747637950937081,-0.13208839718611695,-0.04995732287676023,-0.07210036431446244,increasing,0.22489637995603473,0.4924777235303606,Industrials,5
252,IVZ,0.7808073665532698,0.2775276627912081,-0.8308884168805507,0.8966546593902788,0.897837731031409,decreasing,-0.0036363601684570312,-0.0036363601684570312,Financials,1
253,J,0.6445180693932084,0.07709926740578504,-0.6473707225028074,0.8368444438005734,0.8268672765913379,decreasing/RTC,-0.036059410215822305,0.3323486212528113,Industrials,20
254,JBHT,0.6675153196083295,0.18861809218306413,-0.2665477912309287,0.3719805297349042,0.3460457524676381,increasing,0.029915753356309315,0.6462406864872685,Industrials,5
255,JCI,0.8133235441561629,0.2530988475763518,-0.6157503822624992,0.5266429271147757,0.5262394839727556,increasing,0.025469350498177234,0.13285714104062035,Industrials,5
256,JKHY,-0.39464883686909236,-0.010214208440344826,0.2289581691993832,-0.02056221761946376,0.011082381767775542,decreasing/RTC,-0.2600995381673177,0.40619312633167615,Financials,6
257,JNJ,-0.12087655978265122,0.010360818912589217,0.03800931210610586,0.24509254691096874,0.23920333438612693,decreasing/RTC,-0.05141300870644305,0.2795207536817895,Health Care,6
258,JNPR,0.4112807353256468,0.11594006761699371,0.050793100174015976,0.21646764603584837,0.14138463747699792,no change,0.0030488922322267067,0.0030488922322267067,Information Technology,4
259,JPM,0.8405709568978628,0.21896620811515663,-0.6782105324349669,0.5774528097510448,0.5756179615381887,increasing,0.13802344997723898,0.37119680116658876,Financials,5
260,K,-0.7783666065909451,0.08599452006242984,0.6600193182890816,-0.649083063311225,-0.6224820729949425,decreasing,-0.04131354944801703,-0.04841451180785941,Consumer Staples,19
261,KDP,-0.20952879002295355,0.03608825073851342,0.04326163673294126,0.24769031896333046,0.2505292622430765,decreasing,-0.03033899859096227,-0.03033899859096227,Consumer Staples,1
262,KEY,0.41776922998994137,0.2622367782277034,-0.5570109124775576,0.823435405624431,0.8115965716186457,decreasing,-0.039110871378369105,-0.039110871378369105,Financials,1
263,KEYS,0.4792949286427189,0.18758262120384311,-0.42357489439081025,0.27658206039539707,0.2997872549436558,decreasing/RTC,-0.08597315370646957,0.06508629299630192,Information Technology,20
264,KHC,-0.31814286551310883,0.13466799525475565,0.5077486833801749,-0.27365155236859046,-0.32560921537658744,increasing/RTC,0.01931271285001658,-0.06555557250976562,Consumer Staples,2
265,KIM,0.5345031205687694,0.5595099517579522,-0.3850648770856233,0.7222573319580291,0.69752897906993,decreasing/RTC,-0.014910554115816672,0.03949499611902718,Real Estate,20
266,KLAC,0.41145619247386334,0.19931783237879083,0.1204486868040873,-0.2942178001083097,-0.31535724809218796,increasing,0.27346874477705163,0.9692774454752604,Information Technology,5
267,KMB,0.4707921681719244,0.052843165809152076,-0.30738825566785877,0.1701763703619137,0.14432179307698265,increasing,0.04601080929421629,0.04601080929421629,Consumer Staples,5
268,KMI,-0.4577239365299829,0.4518382638779569,0.6553874245571011,-0.2856123875999643,-0.3041766540313114,decreasing,-0.005434782608695652,-0.005434782608695652,Energy,14
269,KMX,0.7848597197073999,0.28332921049938353,-0.9233888678872001,0.9221044024112149,0.9358385320817055,decreasing/RTC,-0.04294987382559941,0.2079656535181506,Consumer Discretionary,20
270,KO,-0.397690710159123,0.18008575354073708,0.6872156871897968,-0.5102554400808677,-0.5559684964178638,increasing/RTC,0.012500003973642985,0.005344732809104348,Consumer Staples,2
271,KR,-0.13628488178203302,0.13354865862968052,0.37702602339772806,-0.10846417469726853,-0.15063769499568644,increasing,0.0069158678856965534,0.0069158678856965534,Consumer Staples,5
272,L,0.16402653712419052,0.05550351978005432,0.2753912631654813,0.0649888826743976,-0.008628615785623543,increasing,0.023491778545619367,0.10292852492559523,Financials,5
273,LDOS,-0.28061837274924256,-0.10141227606554995,0.1966011776807916,0.12767423413932202,0.1260679828975273,decreasing,-0.0580390042098111,-0.0580390042098111,Industrials,1
274,LEN,0.5956252496148664,0.25136462733792075,-0.2475626748805332,-0.06060483881337701,-0.06528752705066827,increasing,0.22519609051049588,0.22519609051049588,Consumer Discretionary,5
275,LH,0.819257628784484,0.12920803172585388,-0.8514800911309293,0.8819373431123105,0.8800378671794532,no change/RTC,0.015962767618161487,0.6598905947544145,Health Care,8
276,LHX,-0.009988477141411507,-0.1330411890931276,-0.2265376645263791,0.5393932824047899,0.5540537020903402,decreasing,-0.20536470603519957,-0.20536470603519957,Industrials,1
277,LIN,0.28812156764468744,-0.012360395292978568,0.21838002067725298,-0.38544816101165613,-0.4162140317268577,increasing,0.4901603388379038,0.4551139511428513,Materials,5
278,LKQ,0.217822410203679,0.14034255771429233,0.03236482027802098,-0.2585030142301381,-0.26718556744266814,increasing/RTC,0.03328759903298285,0.010557304594907967,Consumer Discretionary,0
279,LLY,-0.37094882391048534,-0.05303367881205115,0.6980429291351937,-0.8814559478973425,-0.8750433906959305,increasing,0.6299668308039821,0.6299668308039821,Health Care,5
280,LMT,-0.6186918773867993,-0.05869535130931453,0.9338839207541629,-0.8545781553305521,-0.8812817696771695,no change,0.016464541656802396,0.016464541656802396,Industrials,18
281,LNC,0.5474295881596488,0.2355259794752903,-0.7652250690503776,0.9467023271370222,0.9551051791934053,decreasing,-0.11206461265888608,-0.11206461265888608,Financials,1
282,LNT,0.3510785690084339,0.07516564580962627,-0.4573521192953222,0.6321119684765465,0.630511964334004,decreasing/RTC,-0.022376884848384536,0.008761959984188987,Utilities,20
283,LOW,0.8398518316141792,0.3175714256785513,-0.4626438056609163,0.450384654129112,0.43502159431288523,increasing,0.03236937792445252,0.5462014484187285,Consumer Discretionary,5
284,LRCX,0.9145018111043453,0.3107588978275468,-0.6168441992560083,0.4772775820561703,0.4606823606734544,increasing,0.6970829233705038,1.4993384350305317,Information Technology,5
285,LUV,0.6316283248296016,0.07023820276255385,-0.7810212189484338,0.9235495172757281,0.9353402446468293,decreasing/RTC,-0.03846680247650134,0.092500368754069,Industrials,20
286,LVS,-0.04105717665591037,0.029330089472182123,0.4090837831315625,-0.6394451691459394,-0.6620372486163091,increasing,0.10500002617350357,0.10500002617350357,Consumer Discretionary,5
287,LW,-0.38150420730394263,0.07042740308783897,0.66271494207292,-0.9002148049894225,-0.9042430288159798,increasing,0.17037496566772461,0.17037496566772461,Consumer Staples,5
288,LYB,0.4572898026065995,0.13489219577708925,-0.26115583276397003,0.5194038008174011,0.4597285310562457,increasing,0.061213223847949874,0.061213223847949874,Materials,5
289,LYV,0.7362455154760014,0.3823482186729639,-0.5558501316248127,0.7489095036668344,0.7336201488932106,decreasing/RTC,-0.08745092348635633,0.18756922243140903,Communication Services,20
290,MA,0.4606875207105924,0.0392536372334262,0.0421768268608104,-0.14221259497289676,-0.1814097606268126,increasing,0.3256724604990121,0.3256724604990121,Financials,5
291,MAA,0.7181823624179012,0.6236573094328737,-0.7075007462025816,0.9127909794607502,0.8922553850723893,decreasing,-0.06185753958369991,-0.06185753958369991,Real Estate,1
292,MAR,0.18490678621433937,0.03627827705498615,0.4816871787413916,-0.3950363007963624,-0.4388407723380966,increasing,0.17465156479832886,0.17465156479832886,Consumer Discretionary,5
293,MAS,0.8755397849155429,0.18427618145938543,-0.7849084576406351,0.7316854965128058,0.7208568460979746,increasing,0.01402468020047634,0.17109617170270858,Industrials,5
294,MCD,-0.07444858589398454,-0.020702485568655143,0.5141677922066561,-0.7233809416769739,-0.7344734821749702,increasing,0.17593296608204329,0.17593296608204329,Consumer Discretionary,5
295,MCHP,0.6432631644239343,0.271321907671197,-0.22420493608964248,0.027179978098284575,0.007250264042705759,increasing,0.0965967266376202,0.2487657714188632,Information Technology,5
296,MCK,-0.6348855529676518,-0.09186341121796196,0.9269643340689463,-0.9565355362694064,-0.9609657155295979,increasing,0.2029435432214531,0.2029435432214531,Health Care,5
297,MCO,0.9529421530511797,0.21476078715890393,-0.8020741820787417,0.6893343353666371,0.6924275802891254,increasing,0.19447681515715842,0.6329885664440337,Financials,5
298,MDLZ,0.11856606174276099,0.11100663896928943,0.35904726602294085,-0.5129238523190551,-0.546938614295203,increasing,0.063196300553655,0.063196300553655,Consumer Staples,5
299,MDT,0.7194015078953316,0.10702249984946129,-0.9005279437960992,0.9148896230298108,0.931649653399662,no change,0.008567838740528078,0.008567838740528078,Health Care,11
300,MET,-0.2765395798407006,0.12119675206501035,0.3063252112019607,0.023466761050035354,0.016235536666507108,decreasing,-0.05923806731690516,-0.05923806731690516,Financials,1
301,META,0.879382698376067,0.45008560416685794,-0.8423428978877925,0.65533733413961,0.6626980169786607,increasing,0.9945688530950263,0.9945688530950263,Communication Services,5
302,MGM,0.7677633781752551,0.31666529979559166,-0.3620553845876526,0.2746329570687993,0.25252316185494783,increasing,0.062422307553242545,0.062422307553242545,Consumer Discretionary,5
303,MHK,0.7114907521272901,0.27604826414078304,-0.9255386729162611,0.9365752827388064,0.9423569937219303,no change,0.003645240515810249,0.003645240515810249,Consumer Discretionary,11
304,MKC,0.5213089339162051,0.09577101024985343,-0.21537039809214575,0.4461502558077804,0.4078511806343895,increasing,0.03666663915932584,0.03666663915932584,Consumer Staples,5
305,MKTX,0.6302285447164656,0.20387709478418595,-0.7676249041127341,0.672892142359204,0.6588520094350702,increasing/RTC,0.7997350322798709,-0.7279391664447206,Financials,12
306,MLM,0.8119029270572435,0.03684282733232349,-0.3302864175024855,0.18283824793354803,0.17943841976598576,increasing,0.4846678727827732,0.4846678727827732,Materials,5
307,MMC,0.21598680520617602,-0.06577476008384574,0.34680784863576286,-0.503756882289593,-0.5065083620258493,increasing,0.12477937474744073,0.12477937474744073,Financials,5
308,MMM,0.6376508736965354,0.06448412853936064,-0.8691796342258423,0.956114618162424,0.966583602775193,decreasing,-0.12061368126467051,-0.12061368126467051,Industrials,1
309,MNST,-0.14580653884360242,0.03619544635487752,0.36343449476709233,-0.7007523334980775,-0.6968536169174757,increasing,0.060743958551992924,0.060743958551992924,Consumer Staples,5
310,MO,0.3526012401444333,0.05256885615450406,-0.19863408010193218,0.5168395945224581,0.4693720328032312,increasing/RTC,0.01031498114267985,-0.006702883807933273,Consumer Staples,0
311,MOH,-0.3180999169798317,-0.04906833385965691,0.4265022805974131,-0.2511388560288096,-0.21934754488680405,decreasing,-0.24485686246843635,-0.24485686246843635,Health Care,1
312,MOS,-0.43293320455879786,0.0778793674012842,0.517731437176766,-0.1258102321946073,-0.15488193430183675,decreasing,-0.0755670474664977,-0.0755670474664977,Materials,1
313,MPC,-0.6520568352683928,0.5448574673840765,0.9244363821044508,-0.9485678704956951,-0.965939157433464,increasing,0.10643790127479867,0.10643790127479867,Energy,7
314,MPWR,0.692299894853555,0.2615625114108295,-0.45106718171417565,0.2486872790442336,0.24999527951880363,increasing,0.532709264488136,1.1471666456102492,Information Technology,5
315,MRK,-0.5037243307497434,-0.05397689682575345,0.7826745545834434,-0.9082431254756794,-0.9227945237029804,increasing,0.08389369512008409,0.08389369512008409,Health Care,5
316,MRNA,0.5174316208491551,0.10829518163849479,-0.8345714777481501,0.690865787262114,0.7254601618900153,no change/RTC,0.02056033571618329,-0.3221758957262393,Health Care,8
317,MRO,-0.7378638133404415,0.6151896512929428,0.9650697712607332,-0.7409308437754949,-0.7603101831380792,decreasing,-0.01803931157154113,-0.01803931157154113,Energy,14
318,MS,0.7103284538923632,0.251909149633798,-0.6821248952497695,0.6015927870163995,0.6019276429144328,no change,0.005320200270315732,0.005320200270315732,Financials,11
319,MSCI,0.7220433618129826,0.20860971465380038,-0.743850170841202,0.5866669287210792,0.5984249897433668,increasing,0.25899200498355995,0.25899200498355995,Financials,5
320,MSFT,0.8854187771153207,0.2927972229883667,-0.5569464416001746,0.4029529079359276,0.397927172217285,increasing,0.4807622335790619,0.4807622335790619,Information Technology,5
321,MSI,0.1466366698470885,0.13107866776957194,0.2508903501839396,-0.5451415270704909,-0.5425736582378664,increasing,0.23405425121228296,0.23405425121228296,Information Technology,5
322,MTB,-0.1715647124392217,0.09545563738450362,0.03479760169480239,0.28760625683868296,0.2970604210693487,decreasing,-0.2805782858211726,-0.2805782858211726,Financials,1
323,MTCH,0.7222664864042558,0.49520214985838495,-0.9181074268640154,0.9687133608109224,0.9803602489279047,decreasing/RTC,-0.11666021754599025,0.1948528289794922,Communication Services,20
324,MTD,0.5478424523306548,0.11957716456547608,-0.4162459495829265,0.32810778439068305,0.29907293651565087,no change,0.26349355289026954,0.26349355289026954,Health Care,11
325,MU,0.8474923099078703,0.2310628254880863,-0.671752799079522,0.7876130589874184,0.7514256142456417,increasing/RTC,0.04083669304800053,-0.01979970932006836,Information Technology,12
326,NCLH,0.8432959998871893,0.32749013700776186,-0.7686189970718244,0.7412489848886782,0.7605129142765344,no change/RTC,-0.003143757522802362,0.08684657830180544,Consumer Discretionary,8
327,NDAQ,0.3775479007919053,0.20108592728275018,-0.5370736660608819,0.5004496898900435,0.5382720600067881,decreasing,-0.045931772681755745,-0.0749504051956476,Financials,1
328,NDSN,0.6829033573987355,0.23065369831217736,-0.4703888978606001,0.3546058457968762,0.381479792512076,decreasing/RTC,-0.048160602843839356,0.5259010314941406,Industrials,20
329,NEE,0.3021382313880461,0.004879127570674919,-0.4746077218503965,0.4328180791383814,0.46966671123966874,decreasing,-0.05851063829787234,-0.07031818736683239,Utilities,1
330,NEM,0.3847351739762543,0.1468103910363233,-0.33152664816174804,0.6938725811575761,0.6413260324472196,increasing/RTC,0.03571428571428571,-0.027214139199192286,Materials,0
331,NFLX,0.8369602970594429,0.43484773964573287,-0.77442350553208,0.61250459208389,0.6285759943565723,increasing,0.6406540842860398,0.9517397673233695,Communication Services,5
332,NI,-0.19775130345191133,0.17956473441336457,0.4433894627963016,-0.17705760498154235,-0.22436413493975246,increasing/RTC,0.006350162701729016,0.004180119456356144,Utilities,2
333,NKE,0.8151982493614441,0.3357754377790292,-0.8610189524899825,0.8297491689499529,0.8167252435103621,increasing/RTC,0.16288607481537554,-0.009999650897401752,Consumer Discretionary,12
334,NOC,-0.8314723239796766,-0.1573561691861508,0.912455085180979,-0.8146498866552272,-0.8090351182233121,decreasing,-0.246889508832408,-0.246889508832408,Industrials,19
335,NOW,0.922889099145287,0.2814937685664317,-0.8524928961388655,0.7627136105548684,0.771787473275512,increasing,0.33099825005232064,0.8383934384300595,Information Technology,5
336,NRG,0.13712582954941968,-0.03298815605744129,-0.4385537155034726,0.5290655879504134,0.5770187291938285,decreasing/RTC,-0.06100003169133113,0.08000028306159421,Utilities,20
337,NSC,0.6678013695210179,0.09865386124465453,-0.5959878991405165,0.7964385704043297,0.7893620872451033,decreasing/RTC,-0.18069749484372136,0.39214722389398615,Industrials,20
338,NTAP,0.8835315585615465,0.24377243784929936,-0.8285258118221416,0.865074731485451,0.876077450654492,decreasing/RTC,-0.03884061177571614,0.22037216959482733,Information Technology,20
339,NTRS,0.5889859667546962,0.2640772192690892,-0.7325771401051828,0.9399410634914647,0.9237627355146026,decreasing,-0.08146565903164071,-0.08146565903164071,Financials,1
340,NUE,-0.26242273382078035,0.010488828528275491,0.7370578806763208,-0.7254823008347978,-0.7551441946881992,increasing,0.1441944592883782,0.1441944592883782,Materials,5
341,NVDA,0.6494700215143497,0.2519218192480777,-0.14926659964892477,-0.03440963806741752,-0.05138243582064001,increasing,1.0209474987713283,1.7265804388584236,Information Technology,5
342,NVR,0.5808621337392585,0.23450062328786903,-0.1762308529500251,-0.08007518163020029,-0.10397444434288243,increasing,10.498061551273956,10.498061551273956,Consumer Discretionary,13
343,NWL,0.47999613347263653,0.16203315636296048,-0.7377435430511663,0.9331676933815304,0.9286126613062954,decreasing,-0.033044934850680496,-0.033044934850680496,Consumer Discretionary,1
344,NWS,0.8830583990675192,0.4832005637969269,-0.7048023341250816,0.7641060407071706,0.7601460082691615,no change/RTC,0.0031428382510230654,0.03851851710566768,Communication Services,8
345,NWSA,0.8838321111638129,0.4910094914883926,-0.7377627565307439,0.7760848149725117,0.774719518887946,increasing,0.004113610380604611,0.03363638213186553,Communication Services,5
346,NXPI,0.915557838499367,0.30162807390547675,-0.7326317673849793,0.6236700163145418,0.6155622877689059,increasing,0.09329569384399872,0.8826388782925076,Information Technology,5
347,O,0.4106997157611829,0.5207553444265024,-0.4975738289279574,0.6864170552816207,0.6694453480448497,decreasing,-0.024444445857295282,-0.024444445857295282,Real Estate,1
348,ODFL,0.5269389464363476,0.25545614915136206,-0.040383145733186306,-0.11611594629369056,-0.13737642832205638,increasing,0.46036021496665835,2.148165123741906,Industrials,5
349,OGN,0.28254569088018905,0.045503582565428004,-0.519679062553285,0.8096639824254431,0.7939110551731143,decreasing,-0.030964689448903,-0.030964689448903,Health Care,1
350,OKE,-0.015642799959469104,0.3490306003198735,0.5399882002848364,-0.2346514960782206,-0.2897191134029396,increasing,0.009940643619592444,0.009940643619592444,Energy,5
351,OMC,0.07800848223514607,-0.10042242009610107,0.4197291358262176,-0.5000556770546665,-0.5455292070938866,increasing,0.1248562974244676,0.1248562974244676,Communication Services,5
352,ON,-0.13727331950589977,0.033229420300074496,0.6134306903483873,-0.7801104164865554,-0.7928196141196352,increasing,0.07718348519167917,0.3450006338266226,Information Technology,5
353,ORCL,0.5498607515473891,0.23687389541604778,-0.12911730238685562,-0.14542125808750395,-0.14290044938749266,increasing,0.20523832993830088,0.20523832993830088,Information Technology,5
354,ORLY,-0.257211759630917,-0.08313163620193646,0.6795553555908446,-0.8587178876436619,-0.8638939261546965,increasing,0.9966868101767706,0.9966868101767706,Consumer Discretionary,5
355,OTIS,0.6879268025553449,0.27291155939562056,-0.4417575202708443,0.18930234388018896,0.1808070848559615,increasing,0.0873384952545166,0.09294746800472861,Industrials,5
356,OXY,-0.8056388577115629,0.6014505122363025,0.9576955030170067,-0.8466103521371647,-0.8519081306269801,decreasing/RTC,-0.0535319388275456,0.09095453782515092,Energy,3
357,PANW,0.26871046308822405,0.11591186253397966,0.24956898410729933,-0.34588028276017163,-0.3553242707063928,increasing,0.12146446659879864,0.5137664819854537,Information Technology,5
358,PARA,0.6060164546391758,0.464459705155188,-0.8180521109481484,0.952892878301508,0.9486768031100534,decreasing,-0.021428596405755906,-0.021428596405755906,Communication Services,1
359,PAYC,0.617917520902342,0.1853911879928388,-0.8326349951965716,0.6915614762765424,0.7459365915097149,decreasing/RTC,-0.4284615779268569,1.364348038383152,Information Technology,20
360,PAYX,0.31074420797800967,-0.0009886982527069358,-0.10421950457455344,0.39261676430759757,0.3861833928067995,decreasing/RTC,-0.08999993442709929,0.3384260601467557,Industrials,20
361,PCAR,-0.07850104823247105,0.1407564276625528,0.5758698257899828,-0.7407882910302732,-0.755076771385233,increasing,0.09041305675841214,0.3004445916579175,Industrials,5
362,PCG,-0.2901302817862925,0.05671262660449877,0.7225528125836347,-0.8390991042936398,-0.8549376818364454,increasing,0.01776742908313106,0.01776742908313106,Utilities,5
363,PEAK,0.6443664961930029,0.6082454843672228,-0.773981252151645,0.9487846983323273,0.941655593192933,decreasing,-0.023717612206341818,-0.023717612206341818,Real Estate,1
364,PEG,0.46680104987406,0.10273113711735031,-0.24046564675191925,0.46857775376742444,0.43342003249445105,increasing,0.013321819325350419,0.013321819325350419,Utilities,5
365,PEP,-0.28642524229573163,0.13561658681740432,0.7141104531887568,-0.8114657665090421,-0.8271091292012943,increasing,0.06392211405766796,0.06392211405766796,Consumer Staples,5
366,PFE,0.14097058605428006,0.02299486068904513,-0.295998314907011,0.5813891938310143,0.5550748481353371,decreasing,-0.05396671370899883,-0.05396671370899883,Health Care,1
367,PFG,-0.4102887686769377,-0.0199477109800203,0.6893068073305055,-0.618198814633025,-0.6242960374778829,decreasing,-0.02881741808158093,-0.02881741808158093,Financials,19
368,PG,0.5891342841988517,0.1153225440505756,-0.16789648906611368,0.30148989287513667,0.24165324168629548,increasing,0.07188846787431942,0.07188846787431942,Consumer Staples,5
369,PGR,-0.6445475599982065,-0.2086057233690352,0.8782126376159004,-0.9413014836313773,-0.9648985786422446,increasing,0.03354958832514737,0.03354958832514737,Financials,5
370,PH,0.40338768223342997,0.24915646210118306,0.11624687537156676,-0.32870269067304847,-0.3443355036123376,increasing,0.410929081066577,1.599615713266226,Industrials,5
371,PHM,0.4089039109935187,0.15520368478482052,0.022662069947446534,-0.3005285266634036,-0.31400782433066193,increasing,0.1971426010131836,0.1971426010131836,Consumer Discretionary,5
372,PKG,0.34386771911522446,0.13080258894500324,-0.23841870277678198,0.4906523190174978,0.44460995319928326,increasing,0.056486052214569794,0.056486052214569794,Materials,5
373,PLD,0.7970164371092023,0.5656570053613801,-0.5532628019789978,0.7376680808532742,0.6964790485255887,increasing,0.05225247214822208,0.05225247214822208,Real Estate,5
374,PM,0.11780388525530078,0.05312675992078906,-0.036311261512478786,0.18748133570164474,0.14594908926982367,increasing,0.02346603865128742,0.11745993466300761,Consumer Staples,5
375,PNC,0.5613864746127195,0.2726474156930147,-0.7135401361975637,0.8998843041754724,0.9005979163517032,decreasing,-0.18572472635473178,-0.18572472635473178,Financials,1
376,PNR,0.8891947944715347,0.23263716439153656,-0.8367352072372899,0.6653066371881203,0.6705408962377551,increasing,0.1106003231079617,0.1106003231079617,Industrials,5
377,PNW,-0.03879171927579924,0.10957063054921373,0.34982084682709236,-0.4989935121206813,-0.5085570833258533,increasing,0.0443263421283705,0.0443263421283705,Utilities,5
378,PODD,0.2049755022823088,0.07207798053541091,-0.045920825108704086,-0.22214542440557705,-0.2051643046889664,increasing/RTC,0.3670144158440667,-0.5839606941520393,Health Care,0
379,POOL,0.8620237264423646,0.3184878014848076,-0.8595063846148179,0.9130467812023498,0.8994410308786472,increasing,0.10004261195128518,0.9462146894306156,Consumer Discretionary,5
380,PPG,0.8997077987298651,0.05135088865783259,-0.7608634955760464,0.6150722890980459,0.6133013485215112,increasing,0.11436133184352842,0.11436133184352842,Materials,5
381,PPL,0.30093354319197985,0.05878535843947665,-0.3365937191842692,0.4131264375261871,0.3999459866831526,no change,-0.0029411876902860753,-0.00599985122680664,Utilities,11
382,PRU,0.46404016084063593,0.26718662163009854,-0.4298617643540385,0.7495516377948412,0.7395095872029606,decreasing,-0.05385689568101314,-0.05385689568101314,Financials,1
383,PSA,0.5225690720868359,0.5438032569816669,-0.4138762891973157,0.686277304500472,0.6558693383185237,decreasing,-0.0675635142204089,-0.0675635142204089,Real Estate,1
384,PSX,-0.6265219633411749,0.5635379033781237,0.9324675003851165,-0.8440915457627854,-0.8687617711879089,increasing,0.029934333890860292,0.029934333890860292,Energy,7
385,PTC,0.1891109894128447,0.13930997189586647,0.08359412879062127,-0.4105327308429951,-0.3893888853888737,increasing,0.12168014518482018,0.12168014518482018,Information Technology,5
386,PWR,-0.27805742457250976,0.06973802446268529,0.6577686995511316,-0.8624467343024712,-0.8575288805048727,increasing,0.28050962929135986,0.28050962929135986,Industrials,5
387,PXD,-0.6111293595775126,0.533224570218233,0.7862595834342675,-0.4371848580257781,-0.4589048056391825,decreasing,-0.1763786471310505,-0.1763786471310505,Energy,14
388,PYPL,0.6510215579971371,0.20897022050350927,-0.925556626218723,0.8225305938557965,0.8545554106779558,decreasing,-0.11260685092014047,-0.11260685092014047,Financials,1
389,QCOM,0.6751857766400479,0.17522962737428766,-0.6369120803339218,0.7833536008040413,0.7541532849885981,decreasing,-0.031083308325873478,-0.031083308325873478,Information Technology,1
390,QRVO,0.78931643640811,0.22369134612272099,-0.9346300189110169,0.8831635079995581,0.8935345321575522,increasing,0.0502304295413433,0.2185096007127028,Information Technology,5
391,RCL,0.7984903231982919,0.304635012156072,-0.40662079482844127,0.3177700524017855,0.3076860044958356,increasing,0.1646237780246548,0.4470814273843162,Consumer Discretionary,5
392,REG,0.7806301311430051,0.5676832459250881,-0.6056102940085925,0.8016072345781471,0.7760501797062931,no change/RTC,-0.0035645009833814457,0.159130299992922,Real Estate,8
393,REGN,-0.3539970712125951,-0.018142582104950875,0.6246109873104921,-0.7502074594931046,-0.7642597907411598,increasing,0.28431692911686646,0.28431692911686646,Health Care,5
394,RF,0.23798055506969037,0.23744709751055496,-0.1927509353294034,0.46218644635014694,0.4540215348833548,decreasing,-0.01649658414707772,-0.01649658414707772,Financials,1
395,RHI,0.7473632651727299,0.09207157765921727,-0.7125071362888705,0.917334263616329,0.8979448705922024,decreasing,-0.01832331088367379,-0.01832331088367379,Industrials,1
396,RJF,-0.15276081142329126,0.08578641605978957,0.45900187082950206,-0.2603566839459799,-0.25292252627034273,decreasing/RTC,-0.11059719908471202,0.3884901063055055,Financials,6
397,RL,0.7155980948407764,0.3055070804579596,-0.3094828037188164,0.22354573764814994,0.193815272013522,increasing,0.15897023301841157,0.3524144320564474,Consumer Discretionary,5
398,RMD,0.6841804728653398,0.11726598753658482,-0.8889171559550821,0.7453677354936508,0.7808243220238266,decreasing,-0.024886890765257637,-0.024886890765257637,Health Care,1
399,ROK,0.8125603214797654,0.28509791067366475,-0.5239969749889782,0.31166258316949813,0.31497657434089665,increasing,0.3069063282287071,0.9339586893717449,Industrials,5
400,ROL,-0.15129683791798457,0.09268467487213912,0.3094725305169803,-0.596675758439466,-0.5460767877032513,increasing,0.025342466624360106,0.025342466624360106,Industrials,5
401,ROP,0.8842406876405551,0.28511512556824303,-0.5377479045636665,0.4665336717393961,0.4561004588132979,increasing,0.37182713602925394,0.37182713602925394,Information Technology,5
402,ROST,0.4522201971909865,0.24259435362155768,-0.2629909379552366,0.07147304316241114,0.0748559625811478,increasing,0.0986000225506596,0.21127718082372693,Consumer Discretionary,5
403,RSG,-0.01949633742815363,0.0495564595540086,0.35233230582076097,-0.534119759172829,-0.5045097704445555,increasing,0.05975408707895587,0.05975408707895587,Industrials,5
404,RTX,-0.28877008846438884,-0.0004207565834012141,0.7191855476572094,-0.5347162364101473,-0.5905011539939711,increasing,0.014809168035333806,0.014809168035333806,Industrials,5
405,RVTY,0.7012038035724758,0.10625804560532308,-0.8355866391044539,0.9549529598040306,0.9494389683929568,decreasing/RTC,-0.03805421303058493,0.13956756662374067,Health Care,20
406,SBAC,0.40902658654372764,0.5589984422671569,-0.6638309734267176,0.8501677119070631,0.851291155382538,decreasing/RTC,-0.37930463637983747,-0.017102833283253203,Real Estate,20
407,SBUX,0.5185059140931114,0.27499917376839866,-0.48136153349189226,0.196989634064614,0.2112442310929908,increasing/RTC,0.1317694219838158,0.028768980141842003,Consumer Discretionary,0
408,SCHW,0.31038835322327385,0.25378257267882054,-0.3034999347383542,0.5450932086606616,0.5401985580066818,decreasing,-0.08967563614437322,-0.08967563614437322,Financials,1
409,SEDG,0.1813286282576005,0.08539789022635413,-0.08918555480131626,0.07409698136017988,0.06237411860947379,increasing/RTC,0.12908803180298944,-1.465543912804645,Information Technology,0
410,SEE,0.4772026431892301,0.14271751273738448,-0.5534247337213575,0.8580588498706436,0.8266452542220458,decreasing/RTC,-0.03735312704312599,0.04628840271307498,Materials,20
411,SHW,0.8504099155981953,0.08665132842504666,-0.8355143359828509,0.8292294183244042,0.8280545601289524,no change/RTC,-0.024791233228600544,0.9083762230811181,Materials,8
412,SJM,-0.40679928213304467,0.11682072071722742,0.7636035038707072,-0.843656427589743,-0.8684972780787712,increasing/RTC,0.09249996849399829,-0.0360947070817802,Consumer Staples,2
413,SLB,-0.49868879571652985,0.5347275525309002,0.9003624621910962,-0.8388351151039135,-0.866450516781458,increasing,0.04030692266706769,0.04030692266706769,Energy,7
414,SNA,-0.010176152409657876,0.15982169278467762,0.4455024767125286,-0.6897997028717369,-0.6904799779352291,increasing,0.26479099134723105,0.26479099134723105,Industrials,5
415,SNPS,0.21161295376752137,0.1458179593972045,0.20120760144021563,-0.5136449074726958,-0.5119554693741679,increasing/RTC,0.4268054824035524,0.230161658555607,Information Technology,0
416,SO,-0.333272211226145,0.19276306470339213,0.4401578819194805,-0.40043304983438543,-0.40468552355122756,no change,0.008468818582655177,0.008468818582655177,Utilities,18
417,SPG,0.8457869384352706,0.48837474915508,-0.6469146046843158,0.7366899698598062,0.7146219323602068,increasing,0.047222167726547,0.047222167726547,Real Estate,5
418,SPGI,0.9471682227809181,0.229539725905486,-0.8390044168477535,0.754787590920481,0.762733495171477,increasing,0.06635029849071682,0.7318332248263889,Financials,5
419,SRE,-0.6665438750777885,0.201684785801923,0.7960410128184395,-0.6276895061125521,-0.6375814652389584,decreasing/RTC,-0.07000085285731725,-0.010515969897073412,Utilities,3
420,STE,0.7961151310839291,0.0894036076481183,-0.5651934093266049,0.7110345976772867,0.6797670463376909,increasing,0.069546145484561,0.512046876844469,Health Care,5
421,STLD,-0.47012880494579434,-0.03749607344829097,0.7906404682854071,-0.8537443711671877,-0.8758495186774651,increasing,0.08851990145372203,0.08851990145372203,Materials,5
422,STT,0.7099894414010861,0.2756265016596838,-0.6088666158440588,0.6565221057574299,0.6347530508518275,no change,0.000244770849536279,0.000244770849536279,Financials,11
423,STX,0.7452949059861379,0.18614183693801267,-0.7455155044276943,0.8972399313565276,0.8661706505507264,increasing,0.025322919323726552,0.025322919323726552,Information Technology,5
424,STZ,-0.10008197675737494,0.11469861936060739,0.4305713567944791,-0.34687822937873014,-0.3441121520252379,decreasing/RTC,-0.13836322814743765,0.6534300973528612,Consumer Staples,6
425,SWK,0.8091407930812197,0.11523341992773828,-0.9197761528036025,0.9697536238313503,0.9674410110127283,no change/RTC,-0.014017911301445715,0.3545342987658931,Industrials,8
426,SWKS,0.8299197134067884,0.24436680329863272,-0.9256209248354574,0.8512305185614877,0.8560180002717686,increasing,0.08158122447499058,0.08158122447499058,Information Technology,5
427,SYF,0.7698391733657114,0.26508782845818346,-0.8593593449081319,0.8577732154730582,0.8730428812305945,decreasing/RTC,-0.02109173914560905,0.0685444899454016,Financials,20
428,SYK,0.5913644882419932,0.09938483687685887,-0.1946547248887712,0.02449195364351489,-0.0008358163417508523,increasing,0.40903351919991626,0.40903351919991626,Health Care,5
429,SYY,-0.2527237392301521,0.056561678613859113,0.09307364438438041,0.2240474862866911,0.22586489559282696,decreasing,-0.04258343163003381,-0.04258343163003381,Consumer Staples,1
430,T,0.006234026686283328,0.17343391656538576,-0.34663689982551465,0.5084376919358577,0.4794490589595488,decreasing,-0.011250008035589149,-0.011250008035589149,Communication Services,1
431,TAP,-0.1442161285508247,0.10170775902873527,0.5320450857840804,-0.6622490749270343,-0.6673471464785293,increasing,0.07285299445986465,0.07285299445986465,Consumer Staples,5
432,TDG,0.2504539408898682,0.19934329686484023,0.27691600366165003,-0.48082536596363673,-0.49697131011636014,increasing,1.516609470329886,1.516609470329886,Industrials,5
433,TDY,0.6760800538351737,0.19903152137459607,-0.4386698405775154,0.5133319211424859,0.47718587007043134,increasing,0.11024879901088146,0.11024879901088146,Information Technology,5
434,TECH,0.771682264735853,0.11754521089799226,-0.908531540677462,0.9259951300201716,0.9407567454138825,no change,0.007119645882915977,0.007119645882915977,Health Care,11
435,TEL,0.9142315833994534,0.2917527945419777,-0.7975738190222001,0.7232805013025754,0.7226088185992215,increasing,0.021639339259413422,0.3759727478027344,Information Technology,5
436,TER,0.8869387140962377,0.27717396655772003,-0.7002173850229598,0.7200882280364099,0.6878660232283186,increasing,0.12321690662366125,0.20774932600494123,Information Technology,5
437,TFC,0.5076508350351555,0.26709988836046644,-0.679789668740854,0.8854119671515512,0.8828728376295556,decreasing,-0.07820449903410764,-0.07820449903410764,Financials,1
438,TFX,0.7698814131550379,0.12385681544346956,-0.8565779717694542,0.9054624383170687,0.9002282965502829,increasing/RTC,0.25780252173684826,0.05283881107092778,Health Care,12
439,TGT,0.7035344513860731,-0.07258534367270304,-0.8189281884066125,0.925862624842593,0.9237141918901888,no change/RTC,-0.0010662961745777164,-0.08872110359513441,Consumer Staples,8
440,TJX,0.11063435375375123,0.0982104685960048,0.24211655289183423,-0.5004223853562381,-0.5048837698148496,increasing,0.08127048986074198,0.18138102576846168,Consumer Discretionary,5
441,TMO,0.6630330670245497,0.09383620769973433,-0.5941797977929757,0.6438325591048905,0.621850248722217,no change,-0.033154111919981064,-0.033154111919981064,Health Care,11
442,TMUS,-0.6899373072300776,-0.39380333430463244,0.6714766623304728,-0.8049201596932564,-0.7838192629266653,increasing/RTC,0.016964514130941178,0.05721197861891526,Communication Services,2
443,TPR,0.536168887126901,0.25628100174806034,-0.21649573281376291,-0.010038222981762027,-0.03266262271046883,increasing,0.041947431218378184,0.041947431218378184,Consumer Discretionary,5
444,TRGP,-0.49594561616892785,0.5821447278729623,0.9328773085547999,-0.785311498212566,-0.8177785540563605,increasing,0.04335854044795906,0.27289907631753874,Energy,7
445,TRMB,0.6801301352033233,0.17043668593906625,-0.9126401935547449,0.9326505030233001,0.9539293601766583,decreasing/RTC,-0.08299305438995361,0.1265301146236152,Information Technology,20
446,TROW,0.7674291718754218,0.23609628325190582,-0.9336221153611132,0.8849805944205378,0.9034947427255319,decreasing/RTC,-0.04555923408932156,0.20620006016322545,Financials,20
447,TRV,-0.44621401805281513,-0.07838357008292106,0.8026823172154393,-0.6362534014692345,-0.6762433029216727,no change,-0.015871974729722547,-0.015871974729722547,Financials,18
448,TSCO,0.2531172755951676,0.12739487460381593,0.21076490187605557,-0.21033571361907566,-0.2684406655841481,increasing/RTC,0.2810666437546915,0.07354176350128958,Consumer Discretionary,0
449,TSLA,0.6840393515210138,0.1963357782820028,-0.5894464707885649,0.6989232628529333,0.7050066826664428,decreasing/RTC,-0.6331385836758456,1.161031617058648,Consumer Discretionary,20
450,TSN,0.33398526369075193,-0.0033022725660492303,-0.49491388035413775,0.8102244426768506,0.7888304284598123,decreasing,-0.0917075096119844,-0.0917075096119844,Consumer Staples,1
451,TT,0.5562671810246589,0.26393692321768153,-0.3489179491165124,0.0588059720808953,0.06986664352166892,increasing,0.16500004467834017,0.6259453076274455,Industrials,5
452,TTWO,0.896862699625315,0.4824001412889485,-0.8437680906013523,0.8014366802981329,0.8069149760768646,no change/RTC,0.028841864267985025,0.2659020953708225,Communication Services,8
453,TXN,0.8066685857364285,0.268945270183268,-0.6885943799975809,0.58841709741391,0.5977584562371226,increasing,0.03927227807423425,0.03927227807423425,Information Technology,5
454,TXT,0.6783217013548511,0.22577297258112225,-0.42446765822477767,0.47795078219823156,0.45292120822867843,increasing,0.019169340113419128,0.019169340113419128,Industrials,5
455,TYL,0.9168631731759118,0.2679117048283618,-0.88307599334974,0.815933814135082,0.8287793126458578,increasing,0.29168005502776084,0.29168005502776084,Information Technology,5
456,UAL,0.5204565221769025,0.24299460219945115,-0.0918102425130847,-0.0025821966816550147,-0.023630324439547146,increasing,0.06391600464261657,0.11277665451110117,Industrials,5
457,UDR,0.785025613902411,0.6224552478999446,-0.7715037310937469,0.9296872036467265,0.9135663978483052,no change,0.0004901885986328125,0.0004901885986328125,Real Estate,11
458,UHS,0.5547967009371807,0.120521907063815,-0.18796380277592398,0.14739179196287858,0.11876378345340192,increasing/RTC,0.2787501811981201,0.07431674405548988,Health Care,0
459,ULTA,-0.372859502751088,-0.08736782406525054,0.6328644651540951,-0.7696710108135479,-0.8007060551341623,increasing/RTC,0.8778691142541172,-0.15255601671006946,Consumer Discretionary,2
460,UNH,-0.6022831231560288,-0.09068455718429021,0.7608486033143317,-0.5979465829365839,-0.6019176852844347,decreasing,-0.2117362031983193,-0.2117362031983193,Health Care,19
461,UNP,0.6201533982556682,0.051336976541143456,-0.43852649930155796,0.7101318085558177,0.6866682229917218,decreasing/RTC,-0.12985974302089598,0.6006380161911091,Industrials,20
462,UPS,0.7257087290939932,0.11379624486042288,-0.5859358011579695,0.710455690745589,0.6858383753902106,no change,0.012208705995141006,0.012208705995141006,Industrials,11
463,URI,0.2798525867802303,0.23759437008974965,0.15708053471505218,-0.320309652007915,-0.33510788296081007,increasing,0.6832231800043889,2.477571925987192,Industrials,5
464,USB,0.5326991712867163,0.2689867190860579,-0.7159329385028006,0.9106424543383265,0.9070618728679615,decreasing,-0.05404383386455992,-0.05404383386455992,Financials,1
465,V,0.4891612812367797,0.0510856779033684,-0.1776564505926953,-0.02457331203574192,-0.04163849501323646,increasing,0.18490517603348333,0.18490517603348333,Financials,5
466,VFC,0.6456789361224885,0.23349141799205855,-0.8771993648077591,0.9812761848965238,0.9862958031036779,decreasing/RTC,-0.09937500953674316,0.017500102519989014,Consumer Discretionary,20
467,VICI,-0.6090379911754918,-0.4719675344110327,0.6130533134759989,-0.8152118875357884,-0.7906582924760696,no change,0.0019354051159274194,-0.0013030858517502687,Real Estate,23
468,VLO,-0.7764047701658755,0.5910852397360099,0.9619693747998913,-0.8682774132078712,-0.8913494107802709,no change,0.004985174013547878,0.004985174013547878,Energy,10
469,VMC,0.7298027685809865,0.033510027870116185,-0.22217685171731183,0.06587701246296991,0.06190054464709351,increasing,0.2328952477782827,0.2328952477782827,Materials,5
470,VRSK,0.8351847030446897,0.23384641898928116,-0.4677808561531129,0.2972102465105805,0.30604147062391207,increasing,0.2365542070306475,0.2365542070306475,Industrials,5
471,VRSN,0.8119111494179636,0.28420510756461154,-0.4638690392220559,0.32506695498047483,0.30967217849558554,increasing,0.16864869401261612,0.16864869401261612,Information Technology,5
472,VRTX,-0.5676091423449988,-0.08223591982986488,0.8701071059284892,-0.9517454148808084,-0.9594613826829836,increasing,0.2676633473434643,0.2676633473434643,Health Care,5
473,VTR,0.5440004518686633,0.5164649814227278,-0.5243191170691595,0.7319998346899548,0.7061242375587109,increasing,0.007708692965300187,0.007708692965300187,Real Estate,5
474,VTRS,0.6519943599008069,0.10380850461154933,-0.7488494139610931,0.7976087169688368,0.7888793104501735,no change,0.0005882358119498551,0.0005882358119498551,Health Care,11
475,VZ,0.55979527670138,0.4341345568601221,-0.7804921825247164,0.9603676428339224,0.9458977046988664,decreasing,-0.026636759849296688,-0.026636759849296688,Communication Services,1
476,WAB,0.04126512853173718,0.18288791711228802,0.5101455686201878,-0.6019845360188294,-0.6203358466822663,increasing,0.07523342538105737,0.4113942293020395,Industrials,5
477,WAT,0.30442701590077653,0.08583248209552664,-0.6817243571900422,0.6770671725337994,0.6876500048181367,no change/RTC,-0.013285279923699534,0.5450992653586648,Health Care,8
478,WBA,0.6123968341102748,-0.05142288621673828,-0.7536345628433756,0.945655410278596,0.9309860216384642,decreasing,-0.036636944280295014,-0.036636944280295014,Consumer Staples,1
479,WBD,0.7739307318802107,0.4996580426052575,-0.8325616355470281,0.9371409807410106,0.9220818908145118,increasing,0.0031477445289656595,0.0031477445289656595,Communication Services,5
480,WDC,0.6716356975488383,0.1583588419393548,-0.8214606688436665,0.9341691072540148,0.9218756737408964,decreasing/RTC,-0.01628002890389446,0.05689112935888017,Information Technology,20
481,WEC,-0.21275424713425162,0.17003045137014167,0.12718514412737367,0.06522719412725858,0.051768844076175845,decreasing/RTC,-0.023622320652454953,-0.0035038043166060583,Utilities,6
482,WELL,0.6805460902089508,0.5075356465124208,-0.5410169093440341,0.6962105198176056,0.663974277657694,increasing,0.0765319839788943,0.0765319839788943,Real Estate,5
483,WFC,0.6510218323094706,0.2760741468176873,-0.5096112523199317,0.6969926770797917,0.685996769615453,decreasing,-0.008302735511183417,-0.008302735511183417,Financials,1
484,WHR,0.774868315450994,0.2819317409168565,-0.8894093689745999,0.962852723951046,0.962336624373056,decreasing/RTC,-0.09865150894077876,0.1900001066584252,Consumer Discretionary,20
485,WM,-0.00866996517693393,0.046934633075069815,0.241924865529488,-0.41147379013808855,-0.36650481895465586,no change,-0.0033431469229276336,-0.0033431469229276336,Industrials,21
486,WMB,-0.5107295642793056,0.5359373951831892,0.7909947992071917,-0.49736742048960886,-0.5143136103867734,decreasing/RTC,-0.02649742237890709,0.10881653419729709,Energy,3
487,WMT,0.4609194503249007,0.04642548005959401,0.003621316625098107,-0.11990371608307629,-0.119419537882808,increasing,0.09871370553773134,0.09871370553773134,Consumer Staples,5
488,WRB,-0.7886199683054192,-0.12891749427354832,0.872866251043191,-0.6256343945171898,-0.6414425380737905,decreasing,-0.05553381638686346,-0.05553381638686346,Financials,19
489,WRK,0.4926707153270638,0.11822811617314911,-0.7113131492048701,0.9246668772379317,0.9260443080228109,decreasing,-0.03799997965494792,-0.03799997965494792,Materials,1
490,WST,0.9084674069191776,0.11738135260510249,-0.8465396871118502,0.7373638861767424,0.7329845605148828,increasing,0.6915630148949118,0.8862228722691639,Health Care,5
491,WTW,0.33532440285146503,0.13286549792209246,0.03228384211330113,-0.02367588656152109,-0.04828230244812527,increasing/RTC,0.164804111710739,-0.17926258087158203,Financials,0
492,WY,0.6446887978336358,0.5957371164122811,-0.5483613736244434,0.8314809426968748,0.800947776335988,decreasing/RTC,-0.012499990371557383,0.0941764144010322,Real Estate,20
493,WYNN,0.37969889281043223,0.19981358748990086,-0.0455671715328238,-0.1856632368101424,-0.21162521459341954,increasing,0.21524100087660947,0.21524100087660947,Consumer Discretionary,5
494,XEL,-0.23711736410109793,0.17930930365740705,0.1977537637388555,0.027471541080014372,0.005535440112197308,decreasing,-0.017119933695945277,-0.07666666079790165,Utilities,1
495,XOM,-0.6964242879486365,0.5744505523805941,0.963128471841435,-0.9456193679932235,-0.9649831631237331,increasing,0.02807565972500877,0.02807565972500877,Energy,7
496,XRAY,0.8617885384589626,0.12425815982433715,-0.8969655616140823,0.8712040807185891,0.8645795599062919,increasing,0.049897133613718364,0.049897133613718364,Health Care,5
497,XYL,0.5487390221460198,0.22327680331956268,-0.5674409465731755,0.29454981893689425,0.33373165600898413,increasing,0.047337846738668546,0.047337846738668546,Industrials,5
498,YUM,0.47033339367789695,0.21416062268448538,-0.14521810548255035,-0.12796849996374915,-0.1463668380817193,increasing,0.09716748549020807,0.09716748549020807,Consumer Discretionary,5
499,ZBH,0.5753568540413384,0.10859769231467106,-0.37961471750250475,0.15274828632089485,0.16255843681507423,increasing,0.14052726343804822,0.14052726343804822,Health Care,5
500,ZBRA,0.8217708205457827,0.23055518600942587,-0.934880454779475,0.924258511928616,0.925686060774377,no change,0.005684332855690922,0.005684332855690922,Information Technology,11
501,ZION,0.34617149611686054,0.24270027000914826,-0.5135424246111904,0.7889687318292516,0.7876837410943648,decreasing,-0.12166668188692344,-0.12166668188692344,Financials,1
502,ZTS,0.8964000019603928,0.11463852992721199,-0.8774696731816835,0.8392354924493519,0.8253909988446807,increasing,0.13438945930241325,0.13438945930241325,Health Care,5
